y,x,street_count,highway,longitude,latitude
12.9460158,77.6186662,3,nan,77.6186662,12.9460158
12.9412556,77.6241534,3,nan,77.6241534,12.9412556
12.944154,77.620952,3,nan,77.620952,12.944154
12.9300545,77.6331602,3,nan,77.6331602,12.9300545
12.9331391,77.6310058,3,nan,77.6310058,12.9331391
12.935128,77.6290489,3,nan,77.6290489,12.935128
12.9306743,77.6289732,4,nan,77.6289732,12.9306743
12.9285912,77.6290605,3,nan,77.6290605,12.9285912
12.9273383,77.6256948,4,nan,77.6256948,12.9273383
12.9261625,77.6286758,3,nan,77.6286758,12.9261625
12.9270524,77.6264198,3,nan,77.6264198,12.9270524
12.9255601,77.6335759,3,nan,77.6335759,12.9255601
12.9258691,77.6374913,3,nan,77.6374913,12.9258691
12.9265195,77.6277708,3,nan,77.6277708,12.9265195
12.9286816,77.6280862,3,nan,77.6280862,12.9286816
12.9286343,77.6285962,3,nan,77.6285962,12.9286343
12.9312415,77.6231979,3,nan,77.6231979,12.9312415
12.9306064,77.6248423,3,nan,77.6248423,12.9306064
12.9305619,77.6255487,3,nan,77.6255487,12.9305619
12.9303496,77.6276105,3,nan,77.6276105,12.9303496
12.926351,77.6281978,3,nan,77.6281978,12.926351
12.9287781,77.6270468,3,nan,77.6270468,12.9287781
12.9304478,77.6268215,3,nan,77.6268215,12.9304478
12.9280436,77.6239069,3,nan,77.6239069,12.9280436
12.9405075,77.6202253,4,traffic_signals,77.6202253,12.9405075
12.9367994,77.6274193,3,nan,77.6274193,12.9367994
12.934835,77.6249936,3,nan,77.6249936,12.934835
12.926076,77.6366314,4,nan,77.6366314,12.926076
12.9260188,77.6370147,4,nan,77.6370147,12.9260188
12.9314922,77.6226225,4,traffic_signals,77.6226225,12.9314922
12.9273784,77.6236662,3,nan,77.6236662,12.9273784
12.9253689,77.6285472,3,nan,77.6285472,12.9253689
12.9278704,77.6258862,3,nan,77.6258862,12.9278704
12.9285949,77.6241075,4,nan,77.6241075,12.9285949
12.9283574,77.6246886,3,nan,77.6246886,12.9283574
12.9305132,77.6261452,3,nan,77.6261452,12.9305132
12.9292697,77.6243495,3,nan,77.6243495,12.9292697
12.9302411,77.6221345,3,nan,77.6221345,12.9302411
12.9300109,77.6226739,3,nan,77.6226739,12.9300109
12.9308195,77.6230182,3,nan,77.6230182,12.9308195
12.9301442,77.6246592,3,nan,77.6246592,12.9301442
12.9304106,77.6228441,3,nan,77.6228441,12.9304106
12.9297154,77.624524,3,nan,77.624524,12.9297154
12.9281225,77.6252634,3,nan,77.6252634,12.9281225
12.9287827,77.6236481,3,nan,77.6236481,12.9287827
12.9289887,77.623144,3,nan,77.623144,12.9289887
12.9275558,77.6225672,3,nan,77.6225672,12.9275558
12.9280664,77.6227726,3,nan,77.6227726,12.9280664
12.9285868,77.6214602,3,nan,77.6214602,12.9285868
12.9284829,77.6229401,3,nan,77.6229401,12.9284829
12.9368612,77.6265291,3,nan,77.6265291,12.9368612
12.9364379,77.6269037,3,nan,77.6269037,12.9364379
12.9355998,77.627704,3,nan,77.627704,12.9355998
12.932879,77.6275691,3,nan,77.6275691,12.932879
12.9342129,77.6260096,3,nan,77.6260096,12.9342129
12.9338436,77.6266153,3,nan,77.6266153,12.9338436
12.9353985,77.6287871,4,nan,77.6287871,12.9353985
12.9350341,77.6269449,3,nan,77.6269449,12.9350341
12.9352401,77.6266654,3,nan,77.6266654,12.9352401
12.9360846,77.6255428,3,nan,77.6255428,12.9360846
12.9354211,77.625671,3,nan,77.625671,12.9354211
12.9348251,77.6266872,3,nan,77.6266872,12.9348251
12.9351662,77.6253582,3,nan,77.6253582,12.9351662
12.934548,77.6263648,3,nan,77.6263648,12.934548
12.9350477,77.6282361,3,nan,77.6282361,12.9350477
12.9340363,77.6290958,4,nan,77.6290958,12.9340363
12.9348678,77.6279905,3,nan,77.6279905,12.9348678
12.933861,77.6288446,3,nan,77.6288446,12.933861
12.9341813,77.6270532,3,nan,77.6270532,12.9341813
12.93349,77.6276834,3,nan,77.6276834,12.93349
12.9331537,77.6279317,3,nan,77.6279317,12.9331537
12.9339472,77.6272783,3,nan,77.6272783,12.9339472
12.9346018,77.628223,3,nan,77.628223,12.9346018
12.9337214,77.6274834,3,nan,77.6274834,12.9337214
12.9343774,77.628415,3,nan,77.628415,12.9343774
12.9341318,77.6286193,3,nan,77.6286193,12.9341318
12.933231,77.6280313,3,nan,77.6280313,12.933231
12.9323767,77.6287962,3,nan,77.6287962,12.9323767
12.9305529,77.6297078,3,nan,77.6297078,12.9305529
12.9316932,77.6299184,3,nan,77.6299184,12.9316932
12.9311848,77.6294317,3,nan,77.6294317,12.9311848
12.9303089,77.6306021,4,nan,77.6306021,12.9303089
12.9298567,77.6335422,4,nan,77.6335422,12.9298567
12.9294726,77.6342844,4,nan,77.6342844,12.9294726
12.9257381,77.6346227,3,nan,77.6346227,12.9257381
12.9289647,77.6342683,3,nan,77.6342683,12.9289647
12.9271977,77.6371851,3,nan,77.6371851,12.9271977
12.9287564,77.634727,3,nan,77.634727,12.9287564
12.925823,77.6350961,3,nan,77.6350961,12.925823
12.9281605,77.6348055,3,nan,77.6348055,12.9281605
12.9265579,77.6366823,3,nan,77.6366823,12.9265579
12.9262445,77.6350437,3,nan,77.6350437,12.9262445
12.9256177,77.6339586,3,nan,77.6339586,12.9256177
12.9269428,77.6338199,3,nan,77.6338199,12.9269428
12.9273976,77.6364321,3,nan,77.6364321,12.9273976
12.9266812,77.6349894,3,nan,77.6349894,12.9266812
12.927012,77.6367396,4,nan,77.6367396,12.927012
12.9271555,77.637179,3,nan,77.637179,12.9271555
12.9310512,77.6340093,3,nan,77.6340093,12.9310512
12.9315908,77.6339579,3,nan,77.6339579,12.9315908
12.9295642,77.6291916,3,nan,77.6291916,12.9295642
12.9291048,77.6312233,3,nan,77.6312233,12.9291048
12.9283011,77.6290132,3,nan,77.6290132,12.9283011
12.9295532,77.6313425,3,nan,77.6313425,12.9295532
12.932688,77.627736,3,nan,77.627736,12.932688
12.9303724,77.6274511,3,nan,77.6274511,12.9303724
12.9309442,77.6275279,3,nan,77.6275279,12.9309442
12.9307784,77.6284042,3,nan,77.6284042,12.9307784
12.9320916,77.6276883,4,nan,77.6276883,12.9320916
12.9425251,77.6227797,3,nan,77.6227797,12.9425251
12.924503,77.6282515,3,nan,77.6282515,12.924503
12.9242381,77.6289059,3,nan,77.6289059,12.9242381
12.9253009,77.636376,3,nan,77.636376,12.9253009
12.925166,77.6373952,3,nan,77.6373952,12.925166
12.9260844,77.62681,4,nan,77.62681,12.9260844
12.9268059,77.6270445,3,nan,77.6270445,12.9268059
12.9306711,77.624661,3,nan,77.624661,12.9306711
12.9317842,77.6250332,3,nan,77.6250332,12.9317842
12.9342986,77.6258773,3,nan,77.6258773,12.9342986
12.9338545,77.6257011,3,nan,77.6257011,12.9338545
12.934525,77.6246163,3,nan,77.6246163,12.934525
12.9324584,77.6236833,3,nan,77.6236833,12.9324584
12.9327112,77.6231011,3,nan,77.6231011,12.9327112
12.9354104,77.6263947,3,nan,77.6263947,12.9354104
12.936103,77.627218,3,nan,77.627218,12.936103
12.9358786,77.6274347,3,nan,77.6274347,12.9358786
12.9351903,77.6244413,4,traffic_signals,77.6244413,12.9351903
12.9361127,77.6254105,3,nan,77.6254105,12.9361127
12.9379837,77.6238238,3,nan,77.6238238,12.9379837
12.9397032,77.62229,3,nan,77.62229,12.9397032
12.9364402,77.6251252,3,nan,77.6251252,12.9364402
12.9371854,77.6245262,3,nan,77.6245262,12.9371854
12.9376443,77.6241215,3,nan,77.6241215,12.9376443
12.9392817,77.6218499,3,nan,77.6218499,12.9392817
12.9410855,77.6218654,3,nan,77.6218654,12.9410855
12.9418575,77.6228386,3,nan,77.6228386,12.9418575
12.9383089,77.6235423,3,nan,77.6235423,12.9383089
12.9385432,77.6238341,3,nan,77.6238341,12.9385432
12.9396212,77.6228577,3,nan,77.6228577,12.9396212
12.9400233,77.6207688,4,nan,77.6207688,12.9400233
12.940177,77.6228174,3,nan,77.6228174,12.940177
12.9409227,77.623776,3,nan,77.623776,12.9409227
12.942244,77.6224302,3,nan,77.6224302,12.942244
12.9408041,77.6221629,3,nan,77.6221629,12.9408041
12.939443,77.6213505,3,nan,77.6213505,12.939443
12.9405263,77.6224529,3,nan,77.6224529,12.9405263
12.9395944,77.6251154,3,nan,77.6251154,12.9395944
12.9406204,77.6240784,3,nan,77.6240784,12.9406204
12.9392302,77.6232332,3,nan,77.6232332,12.9392302
12.9402638,77.6244408,3,nan,77.6244408,12.9402638
12.9389913,77.6234421,3,nan,77.6234421,12.9389913
12.9400232,77.6246832,3,nan,77.6246832,12.9400232
12.9387785,77.6236225,3,nan,77.6236225,12.9387785
12.9398248,77.6248832,3,nan,77.6248832,12.9398248
12.9408456,77.6221196,3,nan,77.6221196,12.9408456
12.9416303,77.6230642,3,nan,77.6230642,12.9416303
12.9406341,77.6223403,3,nan,77.6223403,12.9406341
12.9414394,77.6232761,3,nan,77.6232761,12.9414394
12.9404185,77.6225654,3,nan,77.6225654,12.9404185
12.9412303,77.6235081,3,nan,77.6235081,12.9412303
12.9313022,77.6230678,3,nan,77.6230678,12.9313022
12.9317961,77.6232567,3,nan,77.6232567,12.9317961
12.9312722,77.6243622,3,nan,77.6243622,12.9312722
12.9320762,77.6233639,3,nan,77.6233639,12.9320762
12.9314062,77.6249075,3,nan,77.6249075,12.9314062
12.9434042,77.6175989,3,nan,77.6175989,12.9434042
12.9430273,77.6174804,4,nan,77.6174804,12.9430273
12.941714,77.6173602,3,nan,77.6173602,12.941714
12.9373679,77.6243653,3,nan,77.6243653,12.9373679
12.9367372,77.6254756,3,nan,77.6254756,12.9367372
12.9371595,77.6259883,3,nan,77.6259883,12.9371595
12.937575,77.6241826,3,nan,77.6241826,12.937575
12.9379093,77.6245649,3,nan,77.6245649,12.9379093
12.9383451,77.6250695,3,nan,77.6250695,12.9383451
12.9385771,77.625346,3,nan,77.625346,12.9385771
12.9373971,77.6262661,3,nan,77.6262661,12.9373971
12.9370676,77.6252191,3,nan,77.6252191,12.9370676
12.9374894,77.6257151,3,nan,77.6257151,12.9374894
12.9373022,77.6250277,3,nan,77.6250277,12.9373022
12.9377224,77.6255393,3,nan,77.6255393,12.9377224
12.9376068,77.6247999,3,nan,77.6247999,12.9376068
12.9379988,77.6253307,3,nan,77.6253307,12.9379988
12.941311,77.6187042,3,nan,77.6187042,12.941311
12.9421992,77.6196605,3,nan,77.6196605,12.9421992
12.9431513,77.6193994,4,nan,77.6193994,12.9431513
12.943427,77.6189104,3,nan,77.6189104,12.943427
12.9434608,77.6187386,3,nan,77.6187386,12.9434608
12.9435292,77.6177722,3,nan,77.6177722,12.9435292
12.940746,77.6197772,3,nan,77.6197772,12.940746
12.9409076,77.6194783,3,nan,77.6194783,12.9409076
12.9413792,77.6173382,3,nan,77.6173382,12.9413792
12.9426512,77.6174511,3,nan,77.6174511,12.9426512
12.9435514,77.6176395,3,nan,77.6176395,12.9435514
12.9414198,77.6212361,4,nan,77.6212361,12.9414198
12.9297646,77.6303354,3,nan,77.6303354,12.9297646
12.9302381,77.6326047,3,nan,77.6326047,12.9302381
12.9313707,77.6320707,3,nan,77.6320707,12.9313707
12.931773,77.6315327,4,nan,77.6315327,12.931773
12.932741,77.6306092,4,nan,77.6306092,12.932741
12.9334978,77.6297802,4,nan,77.6297802,12.9334978
12.9341184,77.6341032,3,nan,77.6341032,12.9341184
12.9346027,77.6344863,3,nan,77.6344863,12.9346027
12.9348607,77.6352226,3,nan,77.6352226,12.9348607
12.9346942,77.6346441,3,nan,77.6346441,12.9346942
12.9306608,77.6308145,4,nan,77.6308145,12.9306608
12.9309597,77.6301351,3,nan,77.6301351,12.9309597
12.9311787,77.6299029,3,nan,77.6299029,12.9311787
12.931484,77.6297181,4,nan,77.6297181,12.931484
12.9334607,77.6283279,3,nan,77.6283279,12.9334607
12.933645,77.6285657,3,nan,77.6285657,12.933645
12.9328796,77.6292599,4,nan,77.6292599,12.9328796
12.932653,77.6290686,4,nan,77.6290686,12.932653
12.9311601,77.6311519,3,nan,77.6311519,12.9311601
12.931729,77.6302753,4,nan,77.6302753,12.931729
12.9320044,77.6301236,4,nan,77.6301236,12.9320044
12.9331163,77.6294746,3,nan,77.6294746,12.9331163
12.9332438,77.6295726,3,nan,77.6295726,12.9332438
12.9324299,77.6304043,3,nan,77.6304043,12.9324299
12.9324998,77.6308393,3,nan,77.6308393,12.9324998
12.9322951,77.6310346,3,nan,77.6310346,12.9322951
12.9315085,77.6304978,4,nan,77.6304978,12.9315085
12.9320437,77.6312745,3,nan,77.6312745,12.9320437
12.9308108,77.6304357,3,nan,77.6304357,12.9308108
12.9313378,77.630779,4,nan,77.630779,12.9313378
12.9315638,77.6318095,3,nan,77.6318095,12.9315638
12.930556,77.631149,3,nan,77.631149,12.930556
12.9305785,77.632458,3,nan,77.632458,12.9305785
12.9304601,77.6315333,3,nan,77.6315333,12.9304601
12.9334435,77.6264286,1,nan,77.6264286,12.9334435
12.9465783,77.6174832,4,nan,77.6174832,12.9465783
12.9290553,77.621651,3,nan,77.621651,12.9290553
12.9295187,77.6218475,3,nan,77.6218475,12.9295187
12.9281284,77.6212637,3,nan,77.6212637,12.9281284
12.9325211,77.6235463,3,nan,77.6235463,12.9325211
12.9356757,77.6259763,4,nan,77.6259763,12.9356757
12.9270823,77.6344737,4,nan,77.6344737,12.9270823
12.9271812,77.634911,4,nan,77.634911,12.9271812
12.9266427,77.6254533,4,nan,77.6254533,12.9266427
12.9393759,77.6225806,3,nan,77.6225806,12.9393759
12.9421419,77.6178568,3,nan,77.6178568,12.9421419
12.9429689,77.6178861,3,nan,77.6178861,12.9429689
12.9424048,77.6187048,3,nan,77.6187048,12.9424048
12.9422713,77.6186828,3,nan,77.6186828,12.9422713
12.9422624,77.6196952,3,nan,77.6196952,12.9422624
12.9422578,77.6193513,3,nan,77.6193513,12.9422578
12.9428391,77.6193625,3,nan,77.6193625,12.9428391
12.9431945,77.6186542,3,nan,77.6186542,12.9431945
12.9436971,77.6202193,1,nan,77.6202193,12.9436971
12.9261921,77.6317161,1,nan,77.6317161,12.9261921
12.9453274,77.6170695,4,nan,77.6170695,12.9453274
12.9449294,77.6181556,3,nan,77.6181556,12.9449294
12.9448735,77.6190833,4,nan,77.6190833,12.9448735
12.9442089,77.6189031,3,nan,77.6189031,12.9442089
12.9439505,77.6188323,3,nan,77.6188323,12.9439505
12.9439372,77.6197535,3,nan,77.6197535,12.9439372
12.9438197,77.6193927,1,nan,77.6193927,12.9438197
12.9422743,77.620316,3,nan,77.620316,12.9422743
12.9424102,77.621226,4,nan,77.621226,12.9424102
12.9421851,77.6214784,3,nan,77.6214784,12.9421851
12.9258917,77.6251942,3,nan,77.6251942,12.9258917
12.9268492,77.6229326,3,nan,77.6229326,12.9268492
12.9353344,77.6296896,1,nan,77.6296896,12.9353344
12.9415561,77.62642,1,nan,77.62642,12.9415561
12.9405643,77.6264985,3,nan,77.6264985,12.9405643
12.9414805,77.6261117,1,nan,77.6261117,12.9414805
12.9411958,77.6259878,1,nan,77.6259878,12.9411958
12.9407171,77.6269256,3,nan,77.6269256,12.9407171
12.9404653,77.6261698,3,nan,77.6261698,12.9404653
12.9408545,77.62587,1,nan,77.62587,12.9408545
12.9403441,77.6258879,3,nan,77.6258879,12.9403441
12.940664,77.6267692,3,nan,77.6267692,12.940664
12.9270606,77.6383944,3,nan,77.6383944,12.9270606
12.9273744,77.6377093,3,nan,77.6377093,12.9273744
12.9248118,77.6380222,3,nan,77.6380222,12.9248118
12.9421919,77.6174083,3,nan,77.6174083,12.9421919
12.941206,77.624091,4,nan,77.624091,12.941206
12.9244338,77.6386112,3,nan,77.6386112,12.9244338
12.925004,77.6336364,4,nan,77.6336364,12.925004
12.9252567,77.6374045,3,nan,77.6374045,12.9252567
12.9254266,77.6369855,3,nan,77.6369855,12.9254266
12.9266897,77.6389683,3,nan,77.6389683,12.9266897
12.9334225,77.6233943,3,nan,77.6233943,12.9334225
12.9275787,77.6375047,4,nan,77.6375047,12.9275787
12.9345169,77.6238935,3,traffic_signals,77.6238935,12.9345169
12.9258422,77.6327515,3,nan,77.6327515,12.9258422
12.9258904,77.6334526,3,nan,77.6334526,12.9258904
12.9269173,77.6333551,4,nan,77.6333551,12.9269173
12.9246162,77.6282981,4,nan,77.6282981,12.9246162
12.9248416,77.6327303,3,nan,77.6327303,12.9248416
12.9348055,77.6293659,3,nan,77.6293659,12.9348055
12.9349406,77.6297914,1,nan,77.6297914,12.9349406
12.9354848,77.6287119,3,nan,77.6287119,12.9354848
12.9356537,77.6295896,1,nan,77.6295896,12.9356537
12.9357355,77.6287062,3,nan,77.6287062,12.9357355
12.9359637,77.6294989,1,nan,77.6294989,12.9359637
12.9362777,77.6293386,1,nan,77.6293386,12.9362777
12.9331941,77.6359634,4,nan,77.6359634,12.9331941
12.9342539,77.6362309,1,nan,77.6362309,12.9342539
12.9339455,77.6364724,1,nan,77.6364724,12.9339455
12.9322973,77.6338725,3,nan,77.6338725,12.9322973
12.9328645,77.6338186,1,nan,77.6338186,12.9328645
12.9322969,77.6354201,3,nan,77.6354201,12.9322969
12.9426919,77.6178326,3,nan,77.6178326,12.9426919
12.9427261,77.6174579,3,nan,77.6174579,12.9427261
12.9412707,77.6210254,3,nan,77.6210254,12.9412707
12.9415455,77.6190014,3,nan,77.6190014,12.9415455
12.9414605,77.6188286,3,nan,77.6188286,12.9414605
12.9416245,77.6214994,3,nan,77.6214994,12.9416245
12.9416355,77.6185128,3,nan,77.6185128,12.9416355
12.9416698,77.6181731,1,nan,77.6181731,12.9416698
12.9418544,77.6217952,4,nan,77.6217952,12.9418544
12.9426246,77.6200538,3,nan,77.6200538,12.9426246
12.943299,77.6204476,3,nan,77.6204476,12.943299
12.9434784,77.6182651,3,nan,77.6182651,12.9434784
12.9434836,77.6184425,3,nan,77.6184425,12.9434836
12.9436581,77.6196266,3,nan,77.6196266,12.9436581
12.9439056,77.6183462,3,nan,77.6183462,12.9439056
12.9439756,77.6179247,3,nan,77.6179247,12.9439756
12.9441401,77.6185815,1,nan,77.6185815,12.9441401
12.9444134,77.6186641,1,nan,77.6186641,12.9444134
12.9444375,77.6189452,3,nan,77.6189452,12.9444375
12.9447647,77.6178921,3,nan,77.6178921,12.9447647
12.9446171,77.6178166,3,nan,77.6178166,12.9446171
12.9447852,77.6174086,3,nan,77.6174086,12.9447852
12.9449667,77.6179261,4,nan,77.6179261,12.9449667
12.9451297,77.6179822,3,nan,77.6179822,12.9451297
12.9451658,77.6170161,4,nan,77.6170161,12.9451658
12.9452986,77.618284,3,nan,77.618284,12.9452986
12.9453619,77.6178497,3,nan,77.6178497,12.9453619
12.9454123,77.6180842,4,nan,77.6180842,12.9454123
12.9454339,77.6172969,4,nan,77.6172969,12.9454339
12.9454999,77.6171355,4,nan,77.6171355,12.9454999
12.9455452,77.6183697,3,nan,77.6183697,12.9455452
12.9455958,77.6177027,3,nan,77.6177027,12.9455958
12.9455892,77.6173503,3,nan,77.6173503,12.9455892
12.9456199,77.6181394,3,nan,77.6181394,12.9456199
12.9456678,77.6171821,3,nan,77.6171821,12.9456678
12.9456773,77.6175378,3,nan,77.6175378,12.9456773
12.9457478,77.6173952,3,nan,77.6173952,12.9457478
12.9457717,77.6177658,3,nan,77.6177658,12.9457717
12.9458271,77.6172347,4,nan,77.6172347,12.9458271
12.9459069,77.6174287,3,nan,77.6174287,12.9459069
12.9461588,77.6183292,3,nan,77.6183292,12.9461588
12.9461873,77.6182959,3,nan,77.6182959,12.9461873
12.9462543,77.6181353,4,nan,77.6181353,12.9462543
12.9463377,77.617969,4,nan,77.617969,12.9463377
12.9464178,77.6178073,4,nan,77.6178073,12.9464178
12.9464945,77.6176523,4,nan,77.6176523,12.9464945
12.9308518,77.6241866,3,nan,77.6241866,12.9308518
12.9268708,77.6323631,1,nan,77.6323631,12.9268708
12.9435363,77.6205813,3,nan,77.6205813,12.9435363
12.9265612,77.623379,3,nan,77.623379,12.9265612
12.9328994,77.6336226,3,nan,77.6336226,12.9328994
12.9316638,77.6334015,3,nan,77.6334015,12.9316638
12.9322071,77.6334952,3,nan,77.6334952,12.9322071
12.9332839,77.6337358,3,nan,77.6337358,12.9332839
12.932601,77.6335687,3,nan,77.6335687,12.932601
12.9336873,77.6338878,3,nan,77.6338878,12.9336873
12.9389451,77.6257855,3,nan,77.6257855,12.9389451
12.9343933,77.6343045,3,nan,77.6343045,12.9343933
12.9274016,77.6384047,3,nan,77.6384047,12.9274016
12.9267997,77.6395876,3,nan,77.6395876,12.9267997
12.9259844,77.6391515,1,nan,77.6391515,12.9259844
12.9265781,77.6392336,3,nan,77.6392336,12.9265781
12.9281564,77.6369485,3,nan,77.6369485,12.9281564
12.9284297,77.6371035,3,nan,77.6371035,12.9284297
12.9280762,77.6378163,3,nan,77.6378163,12.9280762
12.9271481,77.638255,3,nan,77.638255,12.9271481
12.9276669,77.6385459,3,nan,77.6385459,12.9276669
12.9255973,77.6388022,3,nan,77.6388022,12.9255973
12.9272439,77.6381151,3,nan,77.6381151,12.9272439
12.924298,77.6389482,3,nan,77.6389482,12.924298
12.9394716,77.622999,3,nan,77.622999,12.9394716
12.940457,77.6242461,3,nan,77.6242461,12.940457
12.9404644,77.6202825,4,nan,77.6202825,12.9404644
12.9394696,77.6268249,3,nan,77.6268249,12.9394696
12.9382511,77.6271508,1,nan,77.6271508,12.9382511
12.9396052,77.6273304,3,nan,77.6273304,12.9396052
12.9400752,77.6268609,3,nan,77.6268609,12.9400752
12.9398719,77.6267167,1,nan,77.6267167,12.9398719
12.939884,77.627257,3,nan,77.627257,12.939884
12.9384036,77.6261302,3,nan,77.6261302,12.9384036
12.9387505,77.6271088,3,nan,77.6271088,12.9387505
12.9388026,77.6272968,3,nan,77.6272968,12.9388026
12.9382732,77.627453,1,nan,77.627453,12.9382732
12.9383401,77.628012,1,nan,77.628012,12.9383401
12.9388851,77.6275758,3,nan,77.6275758,12.9388851
12.9383183,77.6277551,1,nan,77.6277551,12.9383183
12.9300751,77.6336189,3,nan,77.6336189,12.9300751
12.9305505,77.6337988,3,nan,77.6337988,12.9305505
12.9308421,77.6329681,3,nan,77.6329681,12.9308421
12.930946,77.6332238,3,nan,77.6332238,12.930946
12.9301072,77.6334257,3,nan,77.6334257,12.9301072
12.9346844,77.6299342,3,nan,77.6299342,12.9346844
12.9436389,77.6174696,3,nan,77.6174696,12.9436389
12.9424183,77.6178369,3,nan,77.6178369,12.9424183
12.9387203,77.6270127,3,nan,77.6270127,12.9387203
12.9376582,77.6265696,3,nan,77.6265696,12.9376582
12.9409012,77.624399,4,nan,77.624399,12.9409012
12.9409526,77.624452,3,nan,77.624452,12.9409526
12.9432959,77.6218316,3,nan,77.6218316,12.9432959
12.9438746,77.6211655,3,nan,77.6211655,12.9438746
12.9440989,77.6209018,4,nan,77.6209018,12.9440989
12.944716,77.6201013,3,nan,77.6201013,12.944716
12.9453304,77.6192198,4,nan,77.6192198,12.9453304
12.9459104,77.6184805,3,nan,77.6184805,12.9459104
12.9460407,77.6185324,4,nan,77.6185324,12.9460407
12.9303988,77.6330477,3,nan,77.6330477,12.9303988
12.93222,77.6318336,3,nan,77.6318336,12.93222
12.9330766,77.6309441,4,nan,77.6309441,12.9330766
12.9339015,77.630151,3,nan,77.630151,12.9339015
12.9336568,77.630379,3,nan,77.630379,12.9336568
12.935357,77.6287135,4,nan,77.6287135,12.935357
12.9359641,77.6280956,3,nan,77.6280956,12.9359641
12.9254753,77.6334917,3,nan,77.6334917,12.9254753
12.9269216,77.6334528,3,nan,77.6334528,12.9269216
12.934432,77.6296147,5,nan,77.6296147,12.934432
12.9326188,77.6371853,1,nan,77.6371853,12.9326188
12.9303855,77.6358731,3,nan,77.6358731,12.9303855
12.9307192,77.6354287,3,nan,77.6354287,12.9307192
12.9310431,77.6362726,3,nan,77.6362726,12.9310431
12.9314828,77.6339643,3,nan,77.6339643,12.9314828
12.9312643,77.6358454,3,nan,77.6358454,12.9312643
12.9313139,77.6357453,3,nan,77.6357453,12.9313139
12.9314513,77.6354945,3,nan,77.6354945,12.9314513
12.9316696,77.6350793,3,nan,77.6350793,12.9316696
12.93186,77.6364008,1,nan,77.6364008,12.93186
12.9321084,77.6342234,3,nan,77.6342234,12.9321084
12.932184,77.6340928,3,nan,77.6340928,12.932184
12.9322506,77.6366957,1,nan,77.6366957,12.9322506
12.9322803,77.6366354,3,nan,77.6366354,12.9322803
12.9323873,77.6364313,3,nan,77.6364313,12.9323873
12.9325528,77.6360918,3,nan,77.6360918,12.9325528
12.9325358,77.6371547,3,nan,77.6371547,12.9325358
12.9327448,77.6356922,3,nan,77.6356922,12.9327448
12.9329754,77.6248144,1,nan,77.6248144,12.9329754
12.9329706,77.6253934,3,nan,77.6253934,12.9329706
12.933232,77.6254669,3,nan,77.6254669,12.933232
12.9435745,77.6237264,3,nan,77.6237264,12.9435745
12.9443145,77.6229585,1,nan,77.6229585,12.9443145
12.9253402,77.6265362,3,nan,77.6265362,12.9253402
12.9249906,77.6335475,4,nan,77.6335475,12.9249906
12.9246883,77.6316508,3,nan,77.6316508,12.9246883
12.9275608,77.6210315,4,nan,77.6210315,12.9275608
12.9435024,77.6179615,3,nan,77.6179615,12.9435024
12.9288886,77.630749,3,nan,77.630749,12.9288886
12.9291644,77.6295456,3,nan,77.6295456,12.9291644
12.9288682,77.6295244,3,nan,77.6295244,12.9288682
12.9285783,77.6306661,3,nan,77.6306661,12.9285783
12.9282844,77.6305876,3,nan,77.6305876,12.9282844
12.9285423,77.6295011,3,nan,77.6295011,12.9285423
12.9294894,77.6295658,3,nan,77.6295658,12.9294894
12.9281964,77.6294763,3,nan,77.6294763,12.9281964
12.9279644,77.6305021,3,nan,77.6305021,12.9279644
12.9291929,77.6308262,3,nan,77.6308262,12.9291929
12.9428705,77.6196573,3,nan,77.6196573,12.9428705
12.9435121,77.6199611,3,nan,77.6199611,12.9435121
12.9427892,77.619713,3,nan,77.619713,12.9427892
12.9269243,77.6385971,3,nan,77.6385971,12.9269243
12.9246913,77.6382135,3,nan,77.6382135,12.9246913
12.9285599,77.6361497,3,nan,77.6361497,12.9285599
12.9281464,77.6359893,4,nan,77.6359893,12.9281464
12.9277095,77.6357739,3,nan,77.6357739,12.9277095
12.929329,77.6351874,1,nan,77.6351874,12.929329
12.929079,77.6350689,3,nan,77.6350689,12.929079
12.9291749,77.6348857,3,nan,77.6348857,12.9291749
12.9296265,77.6348352,1,nan,77.6348352,12.9296265
12.929279,77.6346779,3,nan,77.6346779,12.929279
12.9297466,77.634651,1,nan,77.634651,12.9297466
12.9293762,77.6344723,3,nan,77.6344723,12.9293762
12.9299988,77.6345081,1,nan,77.6345081,12.9299988
12.9301622,77.6343392,1,nan,77.6343392,12.9301622
12.9295963,77.6340977,3,nan,77.6340977,12.9295963
12.9303348,77.6341688,1,nan,77.6341688,12.9303348
12.9297066,77.6338793,3,nan,77.6338793,12.9297066
12.9304876,77.6340174,1,nan,77.6340174,12.9304876
12.9297946,77.6336868,3,nan,77.6336868,12.9297946
12.9294741,77.634222,3,nan,77.634222,12.9294741
12.9298044,77.6335345,4,nan,77.6335345,12.9298044
12.9324462,77.6250405,1,nan,77.6250405,12.9324462
12.932009,77.6245652,3,nan,77.6245652,12.932009
12.9367136,77.6249039,3,nan,77.6249039,12.9367136
12.9369073,77.6278132,3,nan,77.6278132,12.9369073
12.9369575,77.6285805,3,nan,77.6285805,12.9369575
12.9349662,77.6247861,3,nan,77.6247861,12.9349662
12.9359222,77.6282414,3,nan,77.6282414,12.9359222
12.9248811,77.633657,4,nan,77.633657,12.9248811
12.9270821,77.6223767,3,nan,77.6223767,12.9270821
12.9266575,77.6234079,4,nan,77.6234079,12.9266575
12.9276367,77.6210614,4,nan,77.6210614,12.9276367
12.937249,77.6270053,4,nan,77.6270053,12.937249
12.9372808,77.6268738,4,nan,77.6268738,12.9372808
12.9373325,77.6269369,4,nan,77.6269369,12.9373325
12.9248662,77.6335624,4,nan,77.6335624,12.9248662
12.9333571,77.6288317,3,nan,77.6288317,12.9333571
12.9338402,77.6293304,3,nan,77.6293304,12.9338402
12.9331351,77.6290487,3,nan,77.6290487,12.9331351
12.933655,77.6295824,3,nan,77.6295824,12.933655
12.9316786,77.62797,3,nan,77.62797,12.9316786
12.9308869,77.6278742,3,nan,77.6278742,12.9308869
12.9300264,77.6384362,3,nan,77.6384362,12.9300264
12.9300511,77.6381868,3,nan,77.6381868,12.9300511
12.925456,77.6365642,3,nan,77.6365642,12.925456
12.9257981,77.6251869,3,nan,77.6251869,12.9257981
12.9270435,77.6397144,3,nan,77.6397144,12.9270435
12.9267137,77.6395562,3,nan,77.6395562,12.9267137
12.931584,77.6244978,3,nan,77.6244978,12.931584
12.9288342,77.638054,1,nan,77.638054,12.9288342
12.9431759,77.6188907,3,nan,77.6188907,12.9431759
12.9430725,77.6220697,3,nan,77.6220697,12.9430725
12.9401574,77.6271281,3,nan,77.6271281,12.9401574
12.9400176,77.6264655,1,nan,77.6264655,12.9400176
12.9403548,77.626255,3,nan,77.626255,12.9403548
12.9405141,77.6267151,3,nan,77.6267151,12.9405141
12.9254301,77.6327427,3,nan,77.6327427,12.9254301
12.9388595,77.6259175,3,nan,77.6259175,12.9388595
12.9391484,77.6269108,3,nan,77.6269108,12.9391484
12.9292256,77.6400556,3,nan,77.6400556,12.9292256
12.9281493,77.638597,4,nan,77.638597,12.9281493
12.929595,77.6393815,3,nan,77.6393815,12.929595
12.9298754,77.6388736,3,nan,77.6388736,12.9298754
12.9284238,77.6380769,3,nan,77.6380769,12.9284238
12.9417991,77.6218422,3,nan,77.6218422,12.9417991
12.9250287,77.6270231,3,nan,77.6270231,12.9250287
12.9331876,77.6239843,3,nan,77.6239843,12.9331876
12.9261655,77.6382463,3,nan,77.6382463,12.9261655
12.9262159,77.6379464,4,nan,77.6379464,12.9262159
12.9262879,77.6375739,3,nan,77.6375739,12.9262879
12.939568,77.6259828,1,nan,77.6259828,12.939568
12.9393368,77.6257146,3,nan,77.6257146,12.9393368
12.9397601,77.626318,1,nan,77.626318,12.9397601
12.9390317,77.6265287,4,nan,77.6265287,12.9390317
12.9397954,77.6260217,1,nan,77.6260217,12.9397954
12.9400476,77.6257226,3,nan,77.6257226,12.9400476
12.9440815,77.6183898,3,nan,77.6183898,12.9440815
12.9437178,77.6181494,1,nan,77.6181494,12.9437178
12.9434812,77.6180997,3,nan,77.6180997,12.9434812
12.936614,77.6278388,1,nan,77.6278388,12.936614
12.936584,77.62826,1,nan,77.62826,12.936584
12.9369344,77.6282269,3,nan,77.6282269,12.9369344
12.9366467,77.6288715,1,nan,77.6288715,12.9366467
12.9364154,77.6288769,1,nan,77.6288769,12.9364154
12.9337437,77.6252465,1,nan,77.6252465,12.9337437
12.9340535,77.6253565,3,nan,77.6253565,12.9340535
12.933677,77.6249488,1,nan,77.6249488,12.933677
12.9341724,77.625166,3,nan,77.625166,12.9341724
12.9337881,77.6245559,1,nan,77.6245559,12.9337881
12.9343476,77.6249106,3,nan,77.6249106,12.9343476
12.9339764,77.6354764,1,nan,77.6354764,12.9339764
12.9443419,77.6194321,3,nan,77.6194321,12.9443419
12.9447714,77.6193126,3,nan,77.6193126,12.9447714
12.9443818,77.6192289,3,nan,77.6192289,12.9443818
12.9443216,77.6195354,1,nan,77.6195354,12.9443216
12.9431751,77.620027,1,nan,77.620027,12.9431751
12.9430547,77.6203049,3,nan,77.6203049,12.9430547
12.9442795,77.6206842,3,nan,77.6206842,12.9442795
12.9437694,77.6207175,3,nan,77.6207175,12.9437694
12.9416784,77.6207433,3,nan,77.6207433,12.9416784
12.9415884,77.6198784,1,nan,77.6198784,12.9415884
12.9424411,77.6174347,3,nan,77.6174347,12.9424411
12.9337136,77.6304346,3,nan,77.6304346,12.9337136
12.936052,77.6281101,3,nan,77.6281101,12.936052
12.9297835,77.6329031,3,nan,77.6329031,12.9297835
12.9298679,77.6330992,4,nan,77.6330992,12.9298679
12.9298734,77.6331786,4,nan,77.6331786,12.9298734
12.9297981,77.6331015,4,nan,77.6331015,12.9297981
12.9261131,77.6329438,1,nan,77.6329438,12.9261131
12.9268932,77.6329046,3,nan,77.6329046,12.9268932
12.93001,77.6292344,4,nan,77.6292344,12.93001
12.9282369,77.6379722,1,nan,77.6379722,12.9282369
12.926535,77.6393958,3,nan,77.6393958,12.926535
12.9279327,77.6380721,3,nan,77.6380721,12.9279327
12.9273799,77.6377631,3,nan,77.6377631,12.9273799
12.9290277,77.6379079,1,nan,77.6379079,12.9290277
12.9286908,77.6372425,3,nan,77.6372425,12.9286908
12.9284042,77.6378381,1,nan,77.6378381,12.9284042
12.9288839,77.6373427,3,nan,77.6373427,12.9288839
12.9285944,77.6379581,1,nan,77.6379581,12.9285944
12.9292983,77.6377067,1,nan,77.6377067,12.9292983
12.929087,77.6374472,3,nan,77.6374472,12.929087
12.9261146,77.6327079,1,nan,77.6327079,12.9261146
12.9291257,77.6373661,1,nan,77.6373661,12.9291257
12.9296915,77.6371089,1,nan,77.6371089,12.9296915
12.9279201,77.6401416,3,nan,77.6401416,12.9279201
12.9262002,77.6397991,1,nan,77.6397991,12.9262002
12.9452148,77.6177805,4,nan,77.6177805,12.9452148
12.9450361,77.6177268,3,nan,77.6177268,12.9450361
12.9325567,77.6244067,1,nan,77.6244067,12.9325567
12.9325374,77.6247485,3,nan,77.6247485,12.9325374
12.9459393,77.6185367,4,nan,77.6185367,12.9459393
12.9458431,77.6176011,3,nan,77.6176011,12.9458431
12.9459635,77.6172781,3,nan,77.6172781,12.9459635
12.9451262,77.6185349,1,nan,77.6185349,12.9451262
12.9451841,77.618243,3,nan,77.618243,12.9451841
12.9387599,77.6266087,1,nan,77.6266087,12.9387599
12.9441794,77.6179737,3,nan,77.6179737,12.9441794
12.9428745,77.6222934,3,nan,77.6222934,12.9428745
12.9306062,77.6293853,3,nan,77.6293853,12.9306062
12.9424728,77.6228483,4,nan,77.6228483,12.9424728
12.9424221,77.6228085,3,nan,77.6228085,12.9424221
12.937197,77.626942,4,nan,77.626942,12.937197
12.9405853,77.6256692,1,nan,77.6256692,12.9405853
12.9454989,77.6179042,3,nan,77.6179042,12.9454989
12.9445482,77.6184996,1,nan,77.6184996,12.9445482
12.9442063,77.6198762,3,nan,77.6198762,12.9442063
12.9440505,77.6201784,1,nan,77.6201784,12.9440505
12.945256,77.6172454,3,nan,77.6172454,12.945256
12.9463064,77.6175799,3,nan,77.6175799,12.9463064
12.9461708,77.6179091,3,nan,77.6179091,12.9461708
12.946054,77.618074,3,nan,77.618074,12.946054
12.9425693,77.6227316,3,nan,77.6227316,12.9425693
12.9425267,77.6226859,4,nan,77.6226859,12.9425267
12.9424807,77.6227384,4,nan,77.6227384,12.9424807
12.9462395,77.6177424,4,nan,77.6177424,12.9462395
12.934743,77.6348009,3,nan,77.6348009,12.934743
12.9348224,77.6350615,3,nan,77.6350615,12.9348224
12.9278941,77.6384623,1,nan,77.6384623,12.9278941
12.9271507,77.6377362,3,nan,77.6377362,12.9271507
12.9270835,77.6380888,3,nan,77.6380888,12.9270835
12.9268813,77.632652,3,nan,77.632652,12.9268813
12.9326276,77.6297867,3,nan,77.6297867,12.9326276
12.9328242,77.6300271,3,nan,77.6300271,12.9328242
12.9324317,77.6298807,3,nan,77.6298807,12.9324317
12.9326572,77.6301725,3,nan,77.6301725,12.9326572
12.9459854,77.6182681,4,nan,77.6182681,12.9459854
12.9266743,77.6398998,1,nan,77.6398998,12.9266743
12.9298061,77.6331811,4,nan,77.6331811,12.9298061
12.9247751,77.6322761,3,nan,77.6322761,12.9247751
12.9397753,77.6268405,1,nan,77.6268405,12.9397753
12.9400263,77.6266998,1,nan,77.6266998,12.9400263
12.9360999,77.6281617,1,nan,77.6281617,12.9360999
12.9401666,77.6256958,3,nan,77.6256958,12.9401666
12.9403724,77.6255086,1,nan,77.6255086,12.9403724
12.9392294,77.6276529,1,nan,77.6276529,12.9392294
12.9393018,77.6274005,3,nan,77.6274005,12.9393018
12.9392798,77.6271342,1,nan,77.6271342,12.9392798
12.9454013,77.6192755,3,nan,77.6192755,12.9454013
12.9419133,77.6194716,3,nan,77.6194716,12.9419133
12.9416257,77.6197904,3,nan,77.6197904,12.9416257
12.9417741,77.6198578,1,nan,77.6198578,12.9417741
12.9425735,77.6214369,3,nan,77.6214369,12.9425735
12.9327371,77.6253364,3,nan,77.6253364,12.9327371
12.9327178,77.6249579,1,nan,77.6249579,12.9327178
12.9328452,77.6253623,3,nan,77.6253623,12.9328452
12.9327898,77.6248625,1,nan,77.6248625,12.9327898
12.9359649,77.6282927,1,nan,77.6282927,12.9359649
12.9308319,77.6281429,3,nan,77.6281429,12.9308319
12.9312104,77.6282265,3,nan,77.6282265,12.9312104
12.933194,77.624452,3,nan,77.624452,12.933194
12.9328445,77.6244393,1,nan,77.6244393,12.9328445
12.9436635,77.6238234,1,nan,77.6238234,12.9436635
12.9310714,77.6362181,3,nan,77.6362181,12.9310714
12.9425168,77.6210713,1,nan,77.6210713,12.9425168
12.941614,77.6185855,3,nan,77.6185855,12.941614
12.9416498,77.6188713,1,nan,77.6188713,12.9416498
12.9417862,77.6185296,1,nan,77.6185296,12.9417862
12.9322543,77.6240837,3,nan,77.6240837,12.9322543
12.9327361,77.6241573,1,nan,77.6241573,12.9327361
12.9344595,77.6296908,4,nan,77.6296908,12.9344595
12.9344996,77.6296526,4,nan,77.6296526,12.9344996
12.9397535,77.6254157,3,nan,77.6254157,12.9397535
12.9398186,77.6254848,4,nan,77.6254848,12.9398186
12.9399056,77.6254211,4,nan,77.6254211,12.9399056
12.9398501,77.6253654,4,nan,77.6253654,12.9398501
12.9249494,77.634089,3,nan,77.634089,12.9249494
12.9249363,77.6339922,3,nan,77.6339922,12.9249363
12.9242826,77.628792,3,nan,77.628792,12.9242826
12.9466348,77.6188059,3,nan,77.6188059,12.9466348
12.946584,77.618915,3,nan,77.618915,12.946584
12.9459468,77.618678,3,nan,77.618678,12.9459468
12.9413858,77.6212925,3,nan,77.6212925,12.9413858
12.9348493,77.6293229,3,nan,77.6293229,12.9348493
12.9347948,77.6292645,3,nan,77.6292645,12.9347948
12.9300328,77.6354884,1,nan,77.6354884,12.9300328
12.9298683,77.6350148,1,nan,77.6350148,12.9298683
12.9297155,77.6351872,4,nan,77.6351872,12.9297155
12.9295544,77.6353609,1,nan,77.6353609,12.9295544
12.9273811,77.6398404,1,nan,77.6398404,12.9273811
12.9281255,77.6295999,1,nan,77.6295999,12.9281255
12.9281661,77.6296105,3,nan,77.6296105,12.9281661
12.9315723,77.6231711,3,nan,77.6231711,12.9315723
12.9316237,77.6230515,1,nan,77.6230515,12.9316237
12.9311063,77.629466,3,nan,77.629466,12.9311063
