poi_id,poi_name,poi_category,latitude,longitude,total_population_at_location,total_population_in_buffer,male_population_at_location,male_population_in_buffer,female_population_at_location,female_population_in_buffer,children_under5_at_location,children_under5_in_buffer,working_age_at_location,working_age_in_buffer
0,State Bank of India,financial,12.9365346,77.627846,63.241035,2453.5723,31.620518,1226.7861,31.620518,1226.7861,13.310259,490.89297,13.310259,490.89297
1,Shilpa Homeopathic Clinic,healthcare,12.9267313,77.6346384,52.15968,2525.3396,26.07984,1262.6698,26.07984,1262.6698,10.53992,508.83493,10.53992,508.83493
2,Hotel Ganga Sagar,other,12.944337,77.620028,55.742485,2437.3877,27.871243,1218.6938,27.871243,1218.6938,11.435621,486.84692,11.435621,486.84692
3,Gangothri Restaurant,food_beverage,12.9377655,77.6267552,54.127235,2527.1904,27.063618,1263.5952,27.063618,1263.5952,11.031809,509.2976,11.031809,509.2976
4,Pizza Hut,food_beverage,12.9398542,77.6251855,39.612072,2334.371,19.806036,1167.1855,19.806036,1167.1855,7.403018,463.59286,7.403018,463.59286
5,Taco Bell,food_beverage,12.9376227,77.6269262,60.530735,2398.2014,30.265368,1199.1007,30.265368,1199.1007,12.632684,477.05045,12.632684,477.05045
6,Barista,food_beverage,12.9349444,77.6293498,64.87304,2319.5728,32.43652,1159.7864,32.43652,1159.7864,13.718259,457.76642,13.718259,457.76642
7,Rendezvous,food_beverage,12.9355492,77.6287026,36.25972,2296.9753,18.12986,1148.4877,18.12986,1148.4877,6.5649295,452.117,6.5649295,452.117
8,Maple's,other,12.9353574,77.6293981,48.48257,2353.6304,24.241285,1176.8152,24.241285,1176.8152,9.620643,466.28073,9.620643,466.28073
9,Kota Kachori,food_beverage,12.9362306,77.6254307,66.78698,2502.7134,33.39349,1251.3567,33.39349,1251.3567,14.196746,505.85944,14.196746,505.85944
10,Coast to Coast Sea food restaurant,food_beverage,12.9370423,77.6245906,31.192022,2447.4683,15.596011,1223.7341,15.596011,1223.7341,5.2980056,492.04813,5.2980056,492.04813
11,Kubey Seafood Restaurant,food_beverage,12.9370998,77.6245424,31.192022,2447.4683,15.596011,1223.7341,15.596011,1223.7341,5.2980056,492.04813,5.2980056,492.04813
12,Madurai Idly shop,food_beverage,12.9372017,77.6244522,59.85973,2473.0754,29.929865,1236.5377,29.929865,1236.5377,12.464932,498.44992,12.464932,498.44992
13,Maharaja Restaurant,food_beverage,12.934295,77.6300787,71.84213,2479.818,35.921066,1239.909,35.921066,1239.909,15.460534,497.45456,15.460534,497.45456
14,Axis Bank,financial,12.9338627,77.6304381,40.22228,2541.9863,20.11114,1270.9932,20.11114,1270.9932,7.555569,512.9966,7.555569,512.9966
15,nan,food_beverage,12.9312186,77.6342399,52.26912,2508.686,26.13456,1254.343,26.13456,1254.343,10.56728,504.8098,10.56728,504.8098
16,Lifestyle,retail,12.9375475,77.6279931,51.683365,2532.8599,25.841682,1266.4299,25.841682,1266.4299,10.420841,510.715,10.420841,510.715
17,Cromā,retail,12.9380019,77.62749,72.33668,2523.996,36.16834,1261.998,36.16834,1261.998,15.584168,508.93137,15.584168,508.93137
18,Canara Bank,financial,12.9344222,77.6240149,47.514286,2379.013,23.757143,1189.5065,23.757143,1189.5065,9.3785715,474.52292,9.3785715,474.52292
19,Mystique Saloons,retail,12.9352432,77.6248678,58.690052,2332.8774,29.345026,1166.4387,29.345026,1166.4387,12.172513,464.48288,12.172513,464.48288
20,Bethany High School Koramangala,education,12.9404971,77.6207624,58.860043,2618.4326,29.430021,1309.2163,29.430021,1309.2163,12.215011,532.10815,12.215011,532.10815
21,Apollo Pharmacy,healthcare,12.9373048,77.6244506,59.85973,2473.0754,29.929865,1236.5377,29.929865,1236.5377,12.464932,498.44992,12.464932,498.44992
22,Levi's and Nike,retail,12.9337444,77.6301835,54.988354,2537.7761,27.494177,1268.8881,27.494177,1268.8881,11.247088,511.94397,11.247088,511.94397
23,HP Petrol Pump,transport,12.933506,77.6303939,54.988354,2537.7761,27.494177,1268.8881,27.494177,1268.8881,11.247088,511.94397,11.247088,511.94397
24,Dhanalakshmi Bank,financial,12.9358758,77.6259621,41.862293,2656.119,20.931147,1328.0594,20.931147,1328.0594,7.965574,544.0297,7.965574,544.0297
25,Manyavar,retail,12.9376456,77.626351,69.80332,2516.5967,34.90166,1258.2983,34.90166,1258.2983,14.950831,506.6492,14.950831,506.6492
26,HDFC Bank,financial,12.9373618,77.6244338,59.85973,2473.0754,29.929865,1236.5377,29.929865,1236.5377,12.464932,498.44992,12.464932,498.44992
27,Mookambika Bar& Resturant,food_beverage,12.9449911,77.618272,75.62033,2604.1926,37.810165,1302.0963,37.810165,1302.0963,16.405083,531.04816,16.405083,531.04816
28,Srinivasa Nursing Home,healthcare,12.9423039,77.6174893,68.43603,2845.193,34.218014,1422.5966,34.218014,1422.5966,14.609008,588.7983,14.609008,588.7983
29,Dim Sum,food_beverage,12.9422358,77.6178071,58.40189,2747.3003,29.200945,1373.6501,29.200945,1373.6501,12.100472,564.3251,12.100472,564.3251
30,Apollo Pharmacy,healthcare,12.9423666,77.6174611,68.43603,2845.193,34.218014,1422.5966,34.218014,1422.5966,14.609008,588.7983,14.609008,588.7983
31,Bhojohori manna,food_beverage,12.9373691,77.6243143,93.92446,2387.703,46.96223,1193.8514,46.96223,1193.8514,20.981115,477.10687,20.981115,477.10687
32,Ooty Chocolates,retail,12.9350683,77.6245014,42.28655,2384.0757,21.143274,1192.0378,21.143274,1192.0378,8.071637,477.2824,8.071637,477.2824
33,heritage of Bengal,food_beverage,12.9373234,77.624368,93.92446,2387.703,46.96223,1193.8514,46.96223,1193.8514,20.981115,477.10687,20.981115,477.10687
34,The boutique,retail,12.9390944,77.6229075,49.299847,2465.091,24.649923,1232.5455,24.649923,1232.5455,9.824962,496.60953,9.824962,496.60953
35,Ocean restaurant,food_beverage,12.9368711,77.6248696,38.784782,2558.7993,19.392391,1279.3997,19.392391,1279.3997,7.1961956,517.3809,7.1961956,517.3809
36,Aanchal,retail,12.9397911,77.6222423,52.910423,2432.549,26.455212,1216.2745,26.455212,1216.2745,10.727606,486.27347,10.727606,486.27347
37,Indian Bank,financial,12.9366613,77.6253726,40.04855,2488.6628,20.024275,1244.3314,20.024275,1244.3314,7.5121374,499.84683,7.5121374,499.84683
38,Chalo Punjab,food_beverage,12.9377944,77.6266966,54.127235,2527.1904,27.063618,1263.5952,27.063618,1263.5952,11.031809,509.2976,11.031809,509.2976
39,Dreams on wheelz,retail,12.937648,77.6267717,45.65738,2495.0815,22.82869,1247.5408,22.82869,1247.5408,8.914345,501.2704,8.914345,501.2704
40,Namdhari's fresh,retail,12.9382962,77.626001,61.410145,2485.5024,30.705072,1242.7512,30.705072,1242.7512,12.852536,498.87558,12.852536,498.87558
41,Ambrosia restaurant,food_beverage,12.9361835,77.6258638,50.911278,2705.6184,25.455639,1352.8092,25.455639,1352.8092,10.227819,556.58575,10.227819,556.58575
42,OM Stationery and xerox,retail,12.9364455,77.6255862,66.78698,2502.7134,33.39349,1251.3567,33.39349,1251.3567,14.196746,505.85944,14.196746,505.85944
43,Kwality Walls,food_beverage,12.9380577,77.6261445,61.410145,2485.5024,30.705072,1242.7512,30.705072,1242.7512,12.852536,498.87558,12.852536,498.87558
44,IndusInd Bank,financial,12.9401157,77.6250336,62.06495,2304.5964,31.032475,1152.2982,31.032475,1152.2982,13.016237,458.64908,13.016237,458.64908
45,Sheelu Flowers,retail,12.937482,77.6265625,45.65738,2495.0815,22.82869,1247.5408,22.82869,1247.5408,8.914345,501.2704,8.914345,501.2704
46,B52 Bar,food_beverage,12.9362155,77.6259241,30.676865,2591.2605,15.338432,1295.6302,15.338432,1295.6302,5.169216,527.9962,5.169216,527.9962
47,"Vasan Eye Care Hospital, Koramangala",healthcare,12.9402371,77.6253403,55.96317,2248.8093,27.981585,1124.4047,27.981585,1124.4047,11.490792,444.7023,11.490792,444.7023
48,Brown Tree Super,retail,12.937363,77.626659,70.70887,2499.0828,35.354435,1249.5414,35.354435,1249.5414,15.1772175,502.2707,15.1772175,502.2707
49,Bank of Baroda,financial,12.9367383,77.6259938,55.931538,2522.8857,27.965769,1261.4429,27.965769,1261.4429,11.482884,508.4025,11.482884,508.4025
50,Mahindra showroom,retail,12.9378271,77.6266388,54.127235,2527.1904,27.063618,1263.5952,27.063618,1263.5952,11.031809,509.2976,11.031809,509.2976
51,ICICI Bank,financial,12.9255307,77.6371758,62.08103,2517.5073,31.040516,1258.7537,31.040516,1258.7537,13.020258,506.8768,13.020258,506.8768
52,Kripanidhi Cambridge Public School,education,12.9246365,77.6384508,30.24954,2749.636,15.12477,1374.818,15.12477,1374.818,5.062385,564.909,5.062385,564.909
53,Boca Grande,food_beverage,12.9416947,77.621508,81.083206,2627.092,40.541603,1313.546,40.541603,1313.546,17.770802,534.273,17.770802,534.273
54,Federal Bank,financial,12.9420162,77.6219426,57.95854,2634.9238,28.97927,1317.4619,28.97927,1317.4619,11.989635,536.23096,11.989635,536.23096
55,Theme Piano World,retail,12.9420816,77.6220418,86.18613,2552.9697,43.093063,1276.4849,43.093063,1276.4849,19.046532,515.74243,19.046532,515.74243
56,Basha Clinic,healthcare,12.924661,77.638669,64.82639,2792.5508,32.413197,1396.2754,32.413197,1396.2754,13.706599,575.6377,13.706599,575.6377
57,Corporation Bank,financial,12.9377559,77.6239822,64.014015,2345.126,32.007008,1172.563,32.007008,1172.563,13.503503,469.11838,13.503503,469.11838
58,State Bank of India,financial,12.927395,77.621901,43.78125,2413.1072,21.890625,1206.5536,21.890625,1206.5536,8.4453125,481.7191,8.4453125,481.7191
59,Agarwal Eye Hospital,healthcare,12.9273417,77.6221301,62.1976,2412.6628,31.0988,1206.3314,31.0988,1206.3314,13.0494,481.60806,13.0494,481.60806
60,Vijaya Shree Diagnostics,healthcare,12.9271081,77.6226087,41.148212,2550.928,20.574106,1275.464,20.574106,1275.464,7.7870536,515.5739,7.7870536,515.5739
61,Unity Small Finance Bank,financial,12.9322872,77.6320394,6.9253883,2448.8167,3.4626942,1224.4083,3.4626942,1224.4083,0.0,490.47278,0.0,490.47278
62,Kanyaka Clothes,retail,12.9252403,77.6337162,72.71241,2479.5754,36.356205,1239.7877,36.356205,1239.7877,15.6781025,501.17282,15.6781025,501.17282
63,Himalaya Health care - druggists,healthcare,12.9377532,77.6266479,54.127235,2527.1904,27.063618,1263.5952,27.063618,1263.5952,11.031809,509.2976,11.031809,509.2976
64,Polynation,food_beverage,12.9375545,77.6281177,50.256573,2580.2222,25.128286,1290.1111,25.128286,1290.1111,10.064143,522.5555,10.064143,522.5555
65,Max,retail,12.9375258,77.6285425,59.596542,2505.594,29.798271,1252.797,29.798271,1252.797,12.399136,503.89847,12.399136,503.89847
66,Roots Multiclean,retail,12.9367337,77.6249849,79.93421,2462.5195,39.967106,1231.2598,39.967106,1231.2598,17.483553,493.31104,17.483553,493.31104
67,Home Lifestyle,retail,12.9373924,77.6279943,32.24461,2576.7998,16.122305,1288.3999,16.122305,1288.3999,5.5611525,521.69995,5.5611525,521.69995
68,Taste of Bihar,food_beverage,12.9376735,77.6264373,69.80332,2516.5967,34.90166,1258.2983,34.90166,1258.2983,14.950831,506.6492,14.950831,506.6492
69,Kolourrs Unisex salon,retail,12.9426306,77.6223732,77.62908,2399.2212,38.81454,1199.6106,38.81454,1199.6106,16.90727,480.57202,16.90727,480.57202
70,Nandini Andra Style,food_beverage,12.9317341,77.6228586,94.040276,2435.1238,47.020138,1217.5619,47.020138,1217.5619,21.010069,486.90067,21.010069,486.90067
71,Sumith Provision & Condiments,retail,12.9372827,77.6245142,59.85973,2473.0754,29.929865,1236.5377,29.929865,1236.5377,12.464932,498.44992,12.464932,498.44992
72,Crystal Stationeries,retail,12.9374604,77.6242714,48.103516,2359.4602,24.051758,1179.7301,24.051758,1179.7301,9.525879,470.04617,9.525879,470.04617
73,Utsav,food_beverage,12.9311975,77.6228542,76.65103,2449.5208,38.325516,1224.7604,38.325516,1224.7604,16.662758,492.3802,16.662758,492.3802
74,Nilgiri's,retail,12.9266971,77.6236359,33.802197,2620.6458,16.901098,1310.3229,16.901098,1310.3229,5.9505496,532.66144,5.9505496,532.66144
75,Citibank,financial,12.9381356,77.6277657,53.728325,2533.703,26.864162,1266.8514,26.864162,1266.8514,10.932081,511.3581,10.932081,511.3581
76,KFC,food_beverage,12.9376941,77.6270393,60.530735,2398.2014,30.265368,1199.1007,30.265368,1199.1007,12.632684,477.05045,12.632684,477.05045
77,Great Indian Thali,food_beverage,12.9365165,77.6274121,18.969755,2516.6067,9.484878,1258.3033,9.484878,1258.3033,2.2424388,506.6517,2.2424388,506.6517
78,Manasa Veg,food_beverage,12.943062,77.6175679,63.374832,2684.169,31.687416,1342.0845,31.687416,1342.0845,13.343708,551.0422,13.343708,551.0422
79,Sagar Fast Food,food_beverage,12.9417545,77.6215457,81.083206,2627.092,40.541603,1313.546,40.541603,1313.546,17.770802,534.273,17.770802,534.273
80,HDFC Bank,financial,12.943452,77.6178697,26.383743,2565.3813,13.191872,1282.6907,13.191872,1282.6907,4.095936,523.84534,4.095936,523.84534
81,ICICI Bank,financial,12.9434676,77.6178331,26.383743,2565.3813,13.191872,1282.6907,13.191872,1282.6907,4.095936,523.84534,4.095936,523.84534
82,Barbeque Nation,food_beverage,12.9255152,77.6370763,62.08103,2517.5073,31.040516,1258.7537,31.040516,1258.7537,13.020258,506.8768,13.020258,506.8768
83,Login Serviced Apartments,other,12.9313893,77.623888,60.74824,2276.7634,30.37412,1138.3817,30.37412,1138.3817,12.68706,447.9548,12.68706,447.9548
84,HDFC Bank,financial,12.9347958,77.6298075,50.62792,2411.2334,25.31396,1205.6167,25.31396,1205.6167,10.15698,480.30835,10.15698,480.30835
85,HDFC Bank,financial,12.9347383,77.6298155,50.62792,2411.2334,25.31396,1205.6167,25.31396,1205.6167,10.15698,480.30835,10.15698,480.30835
86,nan,retail,12.9285453,77.6283645,48.85459,2742.3953,24.427296,1371.1976,24.427296,1371.1976,9.713648,563.0988,9.713648,563.0988
87,nan,retail,12.9285532,77.6282626,55.444733,2726.5698,27.722366,1363.2849,27.722366,1363.2849,11.361183,559.14246,11.361183,559.14246
88,Ajit Medicals,healthcare,12.9295466,77.6291289,55.135017,2671.298,27.567509,1335.649,27.567509,1335.649,11.283754,548.4445,11.283754,548.4445
89,nan,retail,12.9333424,77.6298772,71.75421,2253.243,35.877106,1126.6215,35.877106,1126.6215,15.438552,440.81073,15.438552,440.81073
90,Food Mall,retail,12.9334024,77.6298023,71.75421,2253.243,35.877106,1126.6215,35.877106,1126.6215,15.438552,440.81073,15.438552,440.81073
91,Canara Bank,financial,12.9437857,77.6236824,72.420616,2462.4858,36.210308,1231.2429,36.210308,1231.2429,15.605153,493.88818,15.605153,493.88818
92,State Bank of India,financial,12.9422696,77.6253883,12.401512,2536.5173,6.200756,1268.2587,6.200756,1268.2587,0.6003781,511.62933,0.6003781,511.62933
93,nan,transport,12.9374015,77.6283868,59.596542,2505.594,29.798271,1252.797,29.798271,1252.797,12.399136,503.89847,12.399136,503.89847
94,Grand Mercure,other,12.9290137,77.6276776,103.338104,2793.2825,51.669052,1396.6412,51.669052,1396.6412,23.334526,578.1021,23.334526,578.1021
95,Cafe Coffee Day,food_beverage,12.9303605,77.6228604,14.980489,2185.9197,7.4902444,1092.9598,7.4902444,1092.9598,1.2451221,426.47995,1.2451221,426.47995
96,Sagar Fast Food,food_beverage,12.9305918,77.6229717,68.03458,2120.7002,34.01729,1060.3501,34.01729,1060.3501,14.508643,410.175,14.508643,410.175
97,Food Triangle,retail,12.9308637,77.623075,46.698387,2355.8174,23.349194,1177.9087,23.349194,1177.9087,9.174597,468.95428,9.174597,468.95428
98,MedPlus,healthcare,12.9312166,77.6233097,37.901863,2449.0322,18.950932,1224.5161,18.950932,1224.5161,6.9754663,492.2581,6.9754663,492.2581
99,Syndicate Bank,financial,12.9306861,77.6230253,68.03458,2120.7002,34.01729,1060.3501,34.01729,1060.3501,14.508643,410.175,14.508643,410.175
100,Ambur Biriyani,food_beverage,12.9308439,77.6226408,47.12681,2419.2847,23.563404,1209.6423,23.563404,1209.6423,9.281702,484.8212,9.281702,484.8212
101,Syndicate Bank,financial,12.9466123,77.6218766,64.02345,2644.6775,32.011726,1322.3387,32.011726,1322.3387,13.505864,538.6694,13.505864,538.6694
102,Nandini Milk Parlour,retail,12.9460379,77.6221481,53.21148,2639.2085,26.60574,1319.6042,26.60574,1319.6042,10.80287,539.8021,10.80287,539.8021
103,Nandini Milk Parlour,retail,12.9440649,77.624007,57.542007,2573.0164,28.771004,1286.5082,28.771004,1286.5082,11.885502,520.7541,11.885502,520.7541
104,nan,retail,12.9436693,77.62521,46.48291,2327.0476,23.241455,1163.5238,23.241455,1163.5238,9.120728,459.2619,9.120728,459.2619
105,Nami Designer,retail,12.9440787,77.6247551,48.972126,2499.7585,24.486063,1249.8793,24.486063,1249.8793,9.7430315,504.9396,9.7430315,504.9396
106,The Bangalore A1,retail,12.9440393,77.6257271,31.885353,2397.6763,15.942677,1198.8381,15.942677,1198.8381,5.4713383,479.41904,5.4713383,479.41904
107,Sri Adhi Lakshmi,retail,12.9447492,77.6244929,53.791634,2739.3474,26.895817,1369.6737,26.895817,1369.6737,10.947908,564.83685,10.947908,564.83685
108,Sri Adhi Lakshmi,retail,12.9450817,77.6242547,69.7146,2485.1418,34.8573,1242.5709,34.8573,1242.5709,14.92865,503.78546,14.92865,503.78546
109,Bhunaa's,retail,12.9451326,77.6242163,69.7146,2485.1418,34.8573,1242.5709,34.8573,1242.5709,14.92865,503.78546,14.92865,503.78546
110,State Bank of India,financial,12.9423718,77.6251542,18.280334,2403.6052,9.140167,1201.8026,9.140167,1201.8026,2.0700834,478.4013,2.0700834,478.4013
111,Eye Level Learning Center,education,12.9419581,77.6227858,33.04732,2378.7495,16.52366,1189.3748,16.52366,1189.3748,5.7618303,475.4541,5.7618303,475.4541
112,Sculptura Aesthetic Centre,healthcare,12.9420247,77.6227252,33.04732,2378.7495,16.52366,1189.3748,16.52366,1189.3748,5.7618303,475.4541,5.7618303,475.4541
113,SLV Stores,retail,12.9482932,77.6213652,42.308887,2435.439,21.154444,1217.7195,21.154444,1217.7195,8.077222,486.48544,8.077222,486.48544
114,Juice Maker,food_beverage,12.9417768,77.6215095,81.083206,2627.092,40.541603,1313.546,40.541603,1313.546,17.770802,534.273,17.770802,534.273
115,Mango Hotels,other,12.9344183,77.626046,39.41598,2540.955,19.70799,1270.4775,19.70799,1270.4775,7.353995,515.2387,7.353995,515.2387
116,1522,food_beverage,12.9342864,77.6301111,39.041893,2554.7798,19.520947,1277.3899,19.520947,1277.3899,7.2604733,516.19495,7.2604733,516.19495
117,Ichin Restaurant,food_beverage,12.937762,77.6271125,58.972713,2524.7153,29.486357,1262.3577,29.486357,1262.3577,12.243178,508.67886,12.243178,508.67886
118,Axis Bank,financial,12.9324956,77.631848,57.207375,2337.8955,28.603687,1168.9478,28.603687,1168.9478,11.801844,462.74255,11.801844,462.74255
119,Mani's Dum Biriyani,food_beverage,12.9274912,77.6373711,62.15895,2336.9966,31.079475,1168.4983,31.079475,1168.4983,13.039738,464.24915,13.039738,464.24915
120,nan,financial,12.9272827,77.6379132,47.960266,2206.5742,23.980133,1103.2871,23.980133,1103.2871,9.490067,431.64355,9.490067,431.64355
121,Naiyanar Bakery,retail,12.9273443,77.6381549,47.960266,2206.5742,23.980133,1103.2871,23.980133,1103.2871,9.490067,431.64355,9.490067,431.64355
122,nan,financial,12.9414316,77.6174359,48.951912,2749.7463,24.475956,1374.8732,24.475956,1374.8732,9.737978,564.9366,9.737978,564.9366
123,nan,retail,12.9327419,77.6269861,61.408424,2504.0974,30.704212,1252.0487,30.704212,1252.0487,12.852106,504.6423,12.852106,504.6423
124,Pingara Restaurant & Bar,food_beverage,12.9253813,77.6337008,72.71241,2479.5754,36.356205,1239.7877,36.356205,1239.7877,15.6781025,501.17282,15.6781025,501.17282
125,Gunasheela Hospitals,healthcare,12.9250105,77.6278708,38.145943,2539.3252,19.072971,1269.6626,19.072971,1269.6626,7.0364857,513.1414,7.0364857,513.1414
126,Murthy Health and Research Centre,healthcare,12.9247643,77.6382862,30.24954,2749.636,15.12477,1374.818,15.12477,1374.818,5.062385,564.909,5.062385,564.909
127,Fj Merrit Hydrotherapy And Wellness,healthcare,12.9344224,77.6299785,39.928608,2362.7285,19.964304,1181.3643,19.964304,1181.3643,7.482152,468.1821,7.482152,468.1821
128,Shradha Nursing Home,healthcare,12.9422807,77.6208282,69.516335,2640.1387,34.758167,1320.0693,34.758167,1320.0693,14.879084,537.53467,14.879084,537.53467
129,Diabetacare,healthcare,12.9398696,77.6257338,58.566334,2233.753,29.283167,1116.8765,29.283167,1116.8765,12.141583,440.9382,12.141583,440.9382
130,Anand Diagnostic Laboratory,healthcare,12.9301422,77.6231727,36.611263,2139.2793,18.305632,1069.6396,18.305632,1069.6396,6.6528153,414.8198,6.6528153,414.8198
131,Ruth Medicals,healthcare,12.9317312,77.6230979,42.87816,2400.832,21.43908,1200.416,21.43908,1200.416,8.21954,478.32782,8.21954,478.32782
132,Maxwell Pharma,healthcare,12.9340694,77.625222,62.275417,2564.617,31.137709,1282.3085,31.137709,1282.3085,13.068854,519.66046,13.068854,519.66046
133,Dialogues Cafe,food_beverage,12.9353486,77.6249595,59.58722,2453.1462,29.79361,1226.5731,29.79361,1226.5731,12.396805,494.55005,12.396805,494.55005
134,TVS,retail,12.9268723,77.623687,33.802197,2620.6458,16.901098,1310.3229,16.901098,1310.3229,5.9505496,532.66144,5.9505496,532.66144
135,Puma,retail,12.9452356,77.6184676,40.22301,2611.4983,20.111506,1305.7491,20.111506,1305.7491,7.5557528,530.3746,7.5557528,530.3746
136,Charisma Spa Pvt Ltd,retail,12.9359041,77.6284372,44.33564,2472.6743,22.16782,1236.3372,22.16782,1236.3372,8.58391,495.66858,8.58391,495.66858
137,"The Craftery by Subko, BLR",retail,12.926081,77.6254085,69.55744,2390.6592,34.77872,1195.3296,34.77872,1195.3296,14.889361,475.1648,14.889361,475.1648
138,O2 Spa,retail,12.9289891,77.6278047,63.739132,2927.1235,31.869566,1463.5618,31.869566,1463.5618,13.434783,609.2809,13.434783,609.2809
139,Ocean salon & spa,retail,12.9384867,77.6235272,66.56459,2437.3635,33.282295,1218.6818,33.282295,1218.6818,14.141149,492.17773,14.141149,492.17773
140,Essence Unisex Salon And Spa,retail,12.9280827,77.6373095,51.56015,2448.493,25.780075,1224.2465,25.780075,1224.2465,10.390038,492.24847,10.390038,492.24847
141,Renaissance Unisex Salon & Spa,retail,12.9336239,77.6296283,49.575104,2339.3066,24.787552,1169.6533,24.787552,1169.6533,9.893776,462.3267,9.893776,462.3267
142,STUDIO11 Salon & Spa,retail,12.9406759,77.6245,47.786694,2206.5137,23.893347,1103.2568,23.893347,1103.2568,9.446673,431.87814,9.446673,431.87814
143,Isthaa spa,retail,12.9252152,77.6338719,72.71241,2479.5754,36.356205,1239.7877,36.356205,1239.7877,15.6781025,501.17282,15.6781025,501.17282
144,MedPlus,healthcare,12.9341008,77.6272181,35.22605,2296.6177,17.613026,1148.3088,17.613026,1148.3088,6.3065124,451.65442,6.3065124,451.65442
145,Fringes Unisex Salon,retail,12.9340373,77.6272494,31.901043,2296.6516,15.950521,1148.3258,15.950521,1148.3258,5.4752607,451.66284,5.4752607,451.66284
146,nan,food_beverage,12.9304984,77.6338469,14.138472,2366.2656,7.069236,1183.1328,7.069236,1183.1328,1.034618,469.20474,1.034618,469.20474
147,SOCH,retail,12.9378068,77.6271846,58.972713,2524.7153,29.486357,1262.3577,29.486357,1262.3577,12.243178,508.67886,12.243178,508.67886
148,Kushals,retail,12.9378414,77.6272417,58.972713,2524.7153,29.486357,1262.3577,29.486357,1262.3577,12.243178,508.67886,12.243178,508.67886
149,Maruti Suzuki,retail,12.9315321,77.6228069,49.668633,2461.269,24.834316,1230.6345,24.834316,1230.6345,9.917158,493.43695,9.917158,493.43695
150,Sutra Spice Resto Bar,food_beverage,12.9317652,77.6229215,42.87816,2400.832,21.43908,1200.416,21.43908,1200.416,8.21954,478.32782,8.21954,478.32782
151,ICICI Bank,financial,12.9317704,77.6228514,94.040276,2435.1238,47.020138,1217.5619,47.020138,1217.5619,21.010069,486.90067,21.010069,486.90067
152,Bar Code,food_beverage,12.9332818,77.6233214,42.69518,2250.7942,21.34759,1125.3971,21.34759,1125.3971,8.173795,444.32455,8.173795,444.32455
153,Vachani Vista,healthcare,12.9320032,77.6229997,19.111322,2384.2163,9.555661,1192.1082,9.555661,1192.1082,2.2778308,476.67383,2.2778308,476.67383
154,Anjappar Chettinad Restuarant Koramangala,other,12.9321765,77.623039,19.111322,2384.2163,9.555661,1192.1082,9.555661,1192.1082,2.2778308,476.67383,2.2778308,476.67383
155,Via Milano,food_beverage,12.9370109,77.6275262,61.828842,2603.3542,30.914421,1301.6771,30.914421,1301.6771,12.957211,528.3385,12.957211,528.3385
156,Aravind Home,other,12.9423918,77.6204543,41.652664,2622.9106,20.826332,1311.4553,20.826332,1311.4553,7.913166,533.2276,7.913166,533.2276
157,Bakasur,food_beverage,12.9380609,77.6275572,72.33668,2523.996,36.16834,1261.998,36.16834,1261.998,15.584168,508.93137,15.584168,508.93137
158,Bak Bak Bar,food_beverage,12.9381482,77.6276388,72.33668,2523.996,36.16834,1261.998,36.16834,1261.998,15.584168,508.93137,15.584168,508.93137
159,Pingara,food_beverage,12.9251568,77.6338744,72.71241,2479.5754,36.356205,1239.7877,36.356205,1239.7877,15.6781025,501.17282,15.6781025,501.17282
160,Carrots,food_beverage,12.9388196,77.625775,75.056854,2259.8538,37.528427,1129.9269,37.528427,1129.9269,16.264214,444.9635,16.264214,444.9635
161,Riya Kodali Design House,retail,12.9367256,77.6265291,55.77456,2412.907,27.88728,1206.4535,27.88728,1206.4535,11.44364,480.72678,11.44364,480.72678
162,Saraswat Bank,financial,12.936096,77.6258876,50.911278,2705.6184,25.455639,1352.8092,25.455639,1352.8092,10.227819,556.58575,10.227819,556.58575
163,HDFC Bank,financial,12.9325902,77.6232725,64.41994,2466.211,32.20997,1233.1055,32.20997,1233.1055,13.604985,497.17252,13.604985,497.17252
164,HDFC Bank,financial,12.9356454,77.628683,63.438892,2401.1562,31.719446,1200.5781,31.719446,1200.5781,13.359723,477.78903,13.359723,477.78903
165,Nasi and Mee,food_beverage,12.9350683,77.6292839,36.886246,2352.451,18.443123,1176.2255,18.443123,1176.2255,6.7215614,465.98593,6.7215614,465.98593
166,Yes Bank,financial,12.9362974,77.6277069,63.108078,2455.8186,31.554039,1227.9093,31.554039,1227.9093,13.2770195,491.45465,13.2770195,491.45465
167,BSR Lassi Packers Shop,food_beverage,12.9344393,77.6295345,69.47244,2315.8752,34.73622,1157.9376,34.73622,1157.9376,14.868112,456.46887,14.868112,456.46887
168,Andhra Bank,financial,12.9346219,77.6293199,65.892006,2319.8096,32.946003,1159.9048,32.946003,1159.9048,13.9730015,457.8256,13.9730015,457.8256
169,Petals,retail,12.9348078,77.6291104,23.178705,2273.0525,11.589353,1136.5262,11.589353,1136.5262,3.2946765,446.13626,3.2946765,446.13626
170,Bistro Claytopia,food_beverage,12.9255456,77.6333329,80.56663,2452.9807,40.283314,1226.4904,40.283314,1226.4904,17.641657,493.60693,17.641657,493.60693
171,State Bank of India,financial,12.9257724,77.6333947,72.72383,2469.7554,36.361916,1234.8777,36.361916,1234.8777,15.680957,497.8007,15.680957,497.8007
172,Magnolia,food_beverage,12.9260044,77.6332862,64.46076,2393.773,32.23038,1196.8865,32.23038,1196.8865,13.61519,481.305,13.61519,481.305
173,"iService - iPhone, MacBook, Oneplus, Xiaomi Repairs and Service Center",retail,12.926672,77.6335707,45.44458,2256.986,22.72229,1128.493,22.72229,1128.493,8.861145,446.2391,8.861145,446.2391
174,Federal Bank,financial,12.9269862,77.6332224,0.0,2330.9353,0.0,1165.4677,0.0,1165.4677,0.0,464.72635,0.0,464.72635
175,Pragathi Homeo Pharmacy,healthcare,12.9255085,77.6343557,55.9432,2503.2063,27.9716,1251.6031,27.9716,1251.6031,11.4858,508.30157,11.4858,508.30157
176,Sankeerthana Hospital and Fertility Center,healthcare,12.9256013,77.6359638,61.14817,2373.0054,30.574085,1186.5027,30.574085,1186.5027,12.787043,473.2514,12.787043,473.2514
177,State Bank of India,financial,12.9256161,77.6368877,68.93154,2545.0417,34.46577,1272.5209,34.46577,1272.5209,14.732885,513.76044,14.732885,513.76044
178,Barbeque Nation,food_beverage,12.9251513,77.6378065,66.09867,2748.389,33.049335,1374.1945,33.049335,1374.1945,14.024667,564.5972,14.024667,564.5972
179,Chartered Sahakari Bank Niyamitha,financial,12.9250056,77.6379296,43.081856,2888.1404,21.540928,1444.0702,21.540928,1444.0702,8.270464,599.5351,8.270464,599.5351
180,ICICI Bank,financial,12.9256424,77.6366798,63.646774,2470.048,31.823387,1235.024,31.823387,1235.024,13.411694,495.012,13.411694,495.012
181,Aishwarya,retail,12.9253183,77.6348207,66.13353,2395.41,33.066765,1197.705,33.066765,1197.705,14.033382,481.35248,14.033382,481.35248
182,Kiran Medical Store,healthcare,12.9332568,77.6296592,63.80147,2227.7954,31.900736,1113.8977,31.900736,1113.8977,13.450368,434.4489,13.450368,434.4489
183,Shiva Vision Care,healthcare,12.9366526,77.6277125,63.241035,2453.5723,31.620518,1226.7861,31.620518,1226.7861,13.310259,490.89297,13.310259,490.89297
184,Lassi top,retail,12.9367507,77.62774,63.241035,2453.5723,31.620518,1226.7861,31.620518,1226.7861,13.310259,490.89297,13.310259,490.89297
185,The Tiffin Express,food_beverage,12.9367615,77.6276835,18.969755,2516.6067,9.484878,1258.3033,9.484878,1258.3033,2.2424388,506.6517,2.2424388,506.6517
186,GMPS Koramangala,education,12.9436634,77.6189383,64.363716,2527.5186,32.181858,1263.7593,32.181858,1263.7593,13.590929,511.87964,13.590929,511.87964
187,Kotak Mahindra Bank,financial,12.9256339,77.6368064,68.93154,2545.0417,34.46577,1272.5209,34.46577,1272.5209,14.732885,513.76044,14.732885,513.76044
188,Dba Reddy Janasangha Koramangala,education,12.9289663,77.6240375,50.243393,2154.834,25.121696,1077.417,25.121696,1077.417,10.060848,418.7085,10.060848,418.7085
189,"Chinmaya Vidyalaya, Koramangala",education,12.9350185,77.6276797,48.96954,2466.0623,24.48477,1233.0311,24.48477,1233.0311,9.742385,494.3887,9.742385,494.3887
190,Lassi Shop,retail,12.9340215,77.6293735,46.195183,2434.1194,23.097591,1217.0597,23.097591,1217.0597,9.048796,486.40305,9.048796,486.40305
191,GLPS Mestri Palya,education,12.9331051,77.62526,46.477753,2416.2593,23.238876,1208.1296,23.238876,1208.1296,9.119438,482.571,9.119438,482.571
192,Seema HPS Eegipura W No 68,education,12.9261765,77.6361788,42.958244,2426.0884,21.479122,1213.0442,21.479122,1213.0442,8.239561,484.02206,8.239561,484.02206
193,St Frances Icse School Koramangala,education,12.9248675,77.6292823,67.55095,2585.1946,33.775475,1292.5973,33.775475,1292.5973,14.387738,527.4603,14.387738,527.4603
194,Devi Eye Hospital,healthcare,12.9412109,77.6238987,51.70419,2104.5042,25.852095,1052.2521,25.852095,1052.2521,10.426047,408.87576,10.426047,408.87576
195,Kamala Nethralaya,healthcare,12.9314314,77.6233582,61.814888,2537.18,30.907444,1268.59,30.907444,1268.59,12.953722,512.41473,12.953722,512.41473
196,Well Spring hospital,healthcare,12.9425676,77.6224349,77.62908,2399.2212,38.81454,1199.6106,38.81454,1199.6106,16.90727,480.57202,16.90727,480.57202
197,Kappa Chakka Kandhari,food_beverage,12.9405303,77.6235653,59.400883,2357.9724,29.700441,1178.9862,29.700441,1178.9862,12.350221,469.74277,12.350221,469.74277
198,Sour House,retail,12.9407064,77.6201677,30.35412,2491.2693,15.17706,1245.6346,15.17706,1245.6346,5.08853,502.888,5.08853,502.888
199,Iyengar Bakery,retail,12.9285794,77.628205,55.444733,2726.5698,27.722366,1363.2849,27.722366,1363.2849,11.361183,559.14246,11.361183,559.14246
200,nan,retail,12.9286787,77.6242715,0.0,2321.756,0.0,1160.878,0.0,1160.878,0.0,460.43896,0.0,460.43896
201,Indian Bank,financial,12.9366398,77.6251927,40.10069,2417.7803,20.050344,1208.8901,20.050344,1208.8901,7.5251727,482.12616,7.5251727,482.12616
202,Sour House,food_beverage,12.9350754,77.6249289,58.690052,2332.8774,29.345026,1166.4387,29.345026,1166.4387,12.172513,464.48288,12.172513,464.48288
203,The Sleep Company Store,retail,12.9349148,77.6294281,64.87304,2319.5728,32.43652,1159.7864,32.43652,1159.7864,13.718259,457.76642,13.718259,457.76642
204,Regenta Inn Grand,other,12.943185,77.6213595,30.921211,2516.2937,15.460606,1258.1469,15.460606,1258.1469,5.230303,506.5735,5.230303,506.5735
205,Cherry Pick Furniture,retail,12.9434734,77.6212956,80.9804,2497.5452,40.4902,1248.7726,40.4902,1248.7726,17.7451,501.8863,17.7451,501.8863
206,Akshara Motors,retail,12.9449962,77.6194713,33.07287,2637.6858,16.536434,1318.8429,16.536434,1318.8429,5.7682166,536.92145,5.7682166,536.92145
207,Advaith Hyundai,retail,12.9448081,77.6197397,49.611607,2545.2253,24.805803,1272.6127,24.805803,1272.6127,9.902902,513.80634,9.902902,513.80634
208,IVF Access - Fertility Clinic,healthcare,12.9449334,77.6196372,37.129,2551.119,18.5645,1275.5594,18.5645,1275.5594,6.782251,515.27966,6.782251,515.27966
209,McDonald's,food_beverage,12.9451177,77.6200265,70.59921,2408.7397,35.299606,1204.3699,35.299606,1204.3699,15.149804,479.68497,15.149804,479.68497
210,Coasta,food_beverage,12.9436787,77.6211534,80.9804,2497.5452,40.4902,1248.7726,40.4902,1248.7726,17.7451,501.8863,17.7451,501.8863
211,Liquor Mart,retail,12.9433532,77.6215421,41.859272,2467.1064,20.929636,1233.5532,20.929636,1233.5532,7.9648185,494.27664,7.9648185,494.27664
212,Manu Pit Stop,retail,12.943275,77.6216701,41.859272,2467.1064,20.929636,1233.5532,20.929636,1233.5532,7.9648185,494.27664,7.9648185,494.27664
213,Zudio,retail,12.9450064,77.620248,43.304493,2388.4446,21.652246,1194.2223,21.652246,1194.2223,8.326123,474.61124,8.326123,474.61124
214,Axis Bank,financial,12.9405431,77.6245299,47.786694,2206.5137,23.893347,1103.2568,23.893347,1103.2568,9.446673,431.87814,9.446673,431.87814
215,My Tech World,retail,12.942727,77.6222852,84.99168,2521.1858,42.49584,1260.5929,42.49584,1260.5929,18.74792,507.79645,18.74792,507.79645
216,Just Dogs,retail,12.9423709,77.6226909,45.65966,2453.6785,22.82983,1226.8392,22.82983,1226.8392,8.914915,494.18634,8.914915,494.18634
217,The Coorg Food Company,food_beverage,12.941012,77.6241505,0.0,2151.5264,0.0,1075.7632,0.0,1075.7632,0.0,420.63132,0.0,420.63132
218,Biriyani Depot,food_beverage,12.9408608,77.6243138,43.274906,2264.183,21.637453,1132.0916,21.637453,1132.0916,8.318727,448.79547,8.318727,448.79547
219,nan,financial,12.9405717,77.6246062,47.786694,2206.5137,23.893347,1103.2568,23.893347,1103.2568,9.446673,431.87814,9.446673,431.87814
220,HDFC Home Loans,financial,12.9423282,77.6226526,45.65966,2453.6785,22.82983,1226.8392,22.82983,1226.8392,8.914915,494.18634,8.914915,494.18634
221,H.K.G.N Bike Mechanic,retail,12.9425012,77.6229374,63.794155,2452.3518,31.897078,1226.1759,31.897078,1226.1759,13.448539,493.8547,13.448539,493.8547
222,Ujjivan Small Finance Bank,financial,12.9417161,77.6233404,0.0,2134.7195,0.0,1067.3597,0.0,1067.3597,0.0,416.42957,0.0,416.42957
223,Vitamin Galaxy,healthcare,12.940938,77.6241703,43.274906,2264.183,21.637453,1132.0916,21.637453,1132.0916,8.318727,448.79547,8.318727,448.79547
224,Tea Coffee House,food_beverage,12.9409106,77.6242697,43.274906,2264.183,21.637453,1132.0916,21.637453,1132.0916,8.318727,448.79547,8.318727,448.79547
225,RBL Bank,financial,12.9422163,77.6228522,45.65966,2453.6785,22.82983,1226.8392,22.82983,1226.8392,8.914915,494.18634,8.914915,494.18634
226,Madurai Restaurant,food_beverage,12.9419888,77.6230815,36.95822,2365.0796,18.47911,1182.5398,18.47911,1182.5398,6.7395554,472.03665,6.7395554,472.03665
227,Cafe Five Guys,food_beverage,12.9414494,77.6236346,28.05395,2174.003,14.026975,1087.0015,14.026975,1087.0015,4.5134873,426.25043,4.5134873,426.25043
228,nan,financial,12.942267,77.6228332,45.65966,2453.6785,22.82983,1226.8392,22.82983,1226.8392,8.914915,494.18634,8.914915,494.18634
229,HDFC Bank,financial,12.9420181,77.6229498,36.95822,2365.0796,18.47911,1182.5398,18.47911,1182.5398,6.7395554,472.03665,6.7395554,472.03665
230,nan,financial,12.9420232,77.6230093,36.95822,2365.0796,18.47911,1182.5398,18.47911,1182.5398,6.7395554,472.03665,6.7395554,472.03665
231,Sabka Dentist,healthcare,12.9415824,77.6235081,28.05395,2174.003,14.026975,1087.0015,14.026975,1087.0015,4.5134873,426.25043,4.5134873,426.25043
232,Puncture Shop,retail,12.9413673,77.6240803,38.222664,2184.135,19.111332,1092.0675,19.111332,1092.0675,7.055666,428.78345,7.055666,428.78345
233,Retreat Spa & Salon,retail,12.9408618,77.6242481,43.274906,2264.183,21.637453,1132.0916,21.637453,1132.0916,8.318727,448.79547,8.318727,448.79547
234,Utkarsh Small Finance Bank,financial,12.9398397,77.6252767,39.612072,2334.371,19.806036,1167.1855,19.806036,1167.1855,7.403018,463.59286,7.403018,463.59286
235,nan,financial,12.9398703,77.6252571,39.612072,2334.371,19.806036,1167.1855,19.806036,1167.1855,7.403018,463.59286,7.403018,463.59286
236,R.K.Mens Saloon,retail,12.9407259,77.6268205,38.889065,2402.2341,19.444532,1201.1171,19.444532,1201.1171,7.222266,478.70218,7.222266,478.70218
237,Shree Ganesh Juice Centre,food_beverage,12.9407018,77.6267911,32.86456,2344.0298,16.43228,1172.0149,16.43228,1172.0149,5.7161393,466.65112,5.7161393,466.65112
238,IndusInd Bank,financial,12.9399395,77.6251611,39.612072,2334.371,19.806036,1167.1855,19.806036,1167.1855,7.403018,463.59286,7.403018,463.59286
239,Tyre Port,retail,12.9400847,77.6250647,39.612072,2334.371,19.806036,1167.1855,19.806036,1167.1855,7.403018,463.59286,7.403018,463.59286
240,Sixtyy,food_beverage,12.9400354,77.6254608,43.181843,2246.295,21.590921,1123.1475,21.590921,1123.1475,8.295461,444.07373,8.295461,444.07373
241,nan,financial,12.9399297,77.6252027,39.612072,2334.371,19.806036,1167.1855,19.806036,1167.1855,7.403018,463.59286,7.403018,463.59286
242,Domino's,food_beverage,12.9402358,77.6248865,12.841971,2261.0059,6.4209857,1130.5029,6.4209857,1130.5029,0.71049273,447.75153,0.71049273,447.75153
243,Perfect Yamaha,retail,12.9403001,77.6252477,62.06495,2304.5964,31.032475,1152.2982,31.032475,1152.2982,13.016237,458.64908,13.016237,458.64908
244,Raju Honda,retail,12.9402228,77.6252938,62.06495,2304.5964,31.032475,1152.2982,31.032475,1152.2982,13.016237,458.64908,13.016237,458.64908
245,Flora Beauty Salon,retail,12.9406228,77.6261245,42.50356,2357.3408,21.25178,1178.6704,21.25178,1178.6704,8.12589,471.8352,8.12589,471.8352
246,Hello Mobile,retail,12.9405384,77.6261865,42.50356,2357.3408,21.25178,1178.6704,21.25178,1178.6704,8.12589,471.8352,8.12589,471.8352
247,Blue Tokai,food_beverage,12.9407577,77.6202069,51.179684,2514.663,25.589842,1257.3315,25.589842,1257.3315,10.294921,506.29483,10.294921,506.29483
248,icycle.in,retail,12.9365956,77.6273239,23.337433,2509.8613,11.668716,1254.9307,11.668716,1254.9307,3.3343582,504.9653,3.3343582,504.9653
249,VLCC,retail,12.9367647,77.6271187,23.337433,2509.8613,11.668716,1254.9307,11.668716,1254.9307,3.3343582,504.9653,3.3343582,504.9653
250,La Pino'z Pizza,food_beverage,12.932216,77.6321306,6.9253883,2448.8167,3.4626942,1224.4083,3.4626942,1224.4083,0.0,490.47278,0.0,490.47278
251,Login2Eat.com,food_beverage,12.9353206,77.6299347,53.81833,2442.347,26.909164,1221.1735,26.909164,1221.1735,10.954582,488.0867,10.954582,488.0867
252,KM Shukla Store,retail,12.9352769,77.6299633,31.210735,2426.1936,15.605368,1213.0968,15.605368,1213.0968,5.302684,484.04843,5.302684,484.04843
253,Sri Bhuvaneswari Laundry,retail,12.9350889,77.6300415,31.210735,2426.1936,15.605368,1213.0968,15.605368,1213.0968,5.302684,484.04843,5.302684,484.04843
254,Sri Manjunatha 2 Wheeler Repair,retail,12.9355706,77.6298416,53.81833,2442.347,26.909164,1221.1735,26.909164,1221.1735,10.954582,488.0867,10.954582,488.0867
255,Parameshwari Traders,retail,12.9391778,77.6258972,58.895477,2241.263,29.447739,1120.6315,29.447739,1120.6315,12.223869,440.31577,12.223869,440.31577
256,Lenovo,retail,12.938973,77.6259626,33.486927,2353.936,16.743464,1176.968,16.743464,1176.968,5.8717318,468.48398,5.8717318,468.48398
257,Realme,retail,12.9390389,77.6259421,33.486927,2353.936,16.743464,1176.968,16.743464,1176.968,5.8717318,468.48398,5.8717318,468.48398
258,Auto Style,retail,12.9396583,77.6257225,47.446907,2183.563,23.723454,1091.7815,23.723454,1091.7815,9.361727,428.39072,9.361727,428.39072
259,Acer Mall,retail,12.9392459,77.6258767,56.9342,2267.0918,28.4671,1133.5459,28.4671,1133.5459,11.73355,446.77295,11.73355,446.77295
260,Fatima,retail,12.939109,77.6259207,33.486927,2353.936,16.743464,1176.968,16.743464,1176.968,5.8717318,468.48398,5.8717318,468.48398
261,Khanate Bespoke Fashion,retail,12.9395545,77.6257533,47.446907,2183.563,23.723454,1091.7815,23.723454,1091.7815,9.361727,428.39072,9.361727,428.39072
262,Ramdev Medical,healthcare,12.9394907,77.6257893,56.9342,2267.0918,28.4671,1133.5459,28.4671,1133.5459,11.73355,446.77295,11.73355,446.77295
263,nan,financial,12.9383445,77.6259659,27.856863,2459.302,13.9284315,1229.651,13.9284315,1229.651,4.4642158,492.3255,4.4642158,492.3255
264,The Detailing Mafia,retail,12.9385446,77.6261803,27.856863,2459.302,13.9284315,1229.651,13.9284315,1229.651,4.4642158,492.3255,4.4642158,492.3255
265,Dell Exclusive Store,retail,12.9387545,77.6260701,41.035507,2389.5933,20.517754,1194.7966,20.517754,1194.7966,7.758877,477.39835,7.758877,477.39835
266,IDFC First Bank,financial,12.938313,77.6259211,27.856863,2459.302,13.9284315,1229.651,13.9284315,1229.651,4.4642158,492.3255,4.4642158,492.3255
267,Asus,retail,12.93869,77.6261024,41.035507,2389.5933,20.517754,1194.7966,20.517754,1194.7966,7.758877,477.39835,7.758877,477.39835
268,Bhumi Spirit,retail,12.9388064,77.6260422,41.035507,2389.5933,20.517754,1194.7966,20.517754,1194.7966,7.758877,477.39835,7.758877,477.39835
269,Alt Pizza,food_beverage,12.9351115,77.6292155,36.886246,2352.451,18.443123,1176.2255,18.443123,1176.2255,6.7215614,465.98593,6.7215614,465.98593
270,Third Wave Coffee Roasters,food_beverage,12.9347397,77.6296212,45.902466,2342.5767,22.951233,1171.2883,22.951233,1171.2883,8.975616,463.14417,8.975616,463.14417
271,Maverick and Farmer Coffee,food_beverage,12.935354,77.6284155,33.47776,2305.5752,16.73888,1152.7876,16.73888,1152.7876,5.86944,454.267,5.86944,454.267
272,154 Breakfast Club,food_beverage,12.933281,77.6270744,51.511528,2131.823,25.755764,1065.9115,25.755764,1065.9115,10.377882,411.57358,10.377882,411.57358
273,Coorg Fresh Vegetables and Fruits,retail,12.9350462,77.6249939,58.690052,2332.8774,29.345026,1166.4387,29.345026,1166.4387,12.172513,464.48288,12.172513,464.48288
274,Bhima Jewellers,retail,12.9346147,77.6250274,95.51651,2485.0215,47.758255,1242.5107,47.758255,1242.5107,21.379128,502.26163,21.379128,502.26163
275,Aubree,retail,12.9423062,77.6227822,45.65966,2453.6785,22.82983,1226.8392,22.82983,1226.8392,8.914915,494.18634,8.914915,494.18634
276,Pasta Street,food_beverage,12.9328588,77.6309864,17.532349,2598.2224,8.766174,1299.1112,8.766174,1299.1112,1.8830874,527.05566,1.8830874,527.05566
277,Chin Lung Resto Bar,food_beverage,12.9318674,77.6320308,59.055126,2441.2886,29.527563,1220.6443,29.527563,1220.6443,12.263782,488.59076,12.263782,488.59076
278,Truefitt & Hill,retail,12.9313575,77.6324685,41.934246,2361.501,20.967123,1180.7505,20.967123,1180.7505,7.983561,470.54764,7.983561,470.54764
279,Bandhan Bank,financial,12.9255788,77.6362412,62.644325,2419.7231,31.322163,1209.8616,31.322163,1209.8616,13.161081,482.4308,13.161081,482.4308
280,Nari & Kāge,retail,12.9336416,77.628382,63.193,2274.8315,31.5965,1137.4158,31.5965,1137.4158,13.29825,446.5811,13.29825,446.5811
281,Kanti Sweets,retail,12.9304908,77.6229826,46.45016,2165.069,23.22508,1082.5345,23.22508,1082.5345,9.11254,421.2673,9.11254,421.2673
282,Glen's Bakehouse,retail,12.937942,77.6262087,29.606094,2528.6619,14.803047,1264.3309,14.803047,1264.3309,4.9015236,509.6655,4.9015236,509.6655
283,Ssura,food_beverage,12.9398026,77.625213,39.612072,2334.371,19.806036,1167.1855,19.806036,1167.1855,7.403018,463.59286,7.403018,463.59286
284,The Verandah,food_beverage,12.9291597,77.6273802,86.12178,2697.4692,43.06089,1348.7346,43.06089,1348.7346,19.030445,554.14874,19.030445,554.14874
285,JSP Motorrad,retail,12.935429,77.6284361,33.47776,2305.5752,16.73888,1152.7876,16.73888,1152.7876,5.86944,454.267,5.86944,454.267
286,Bharat Bank,financial,12.9262798,77.6332784,64.46076,2393.773,32.23038,1196.8865,32.23038,1196.8865,13.61519,481.305,13.61519,481.305
287,Chai Fast,food_beverage,12.9271334,77.6332033,0.0,2330.9353,0.0,1165.4677,0.0,1165.4677,0.0,464.72635,0.0,464.72635
288,Wooden Street,retail,12.9302112,77.6329689,37.83012,2278.3413,18.91506,1139.1707,18.91506,1139.1707,6.9575305,448.98892,6.9575305,448.98892
289,Barista,food_beverage,12.9310729,77.6326552,71.969696,2411.2703,35.984848,1205.6351,35.984848,1205.6351,15.492424,482.22128,15.492424,482.22128
290,Domino's,food_beverage,12.9311872,77.6326024,51.69054,2414.6743,25.84527,1207.3372,25.84527,1207.3372,10.422635,483.84094,10.422635,483.84094
291,Starbucks,food_beverage,12.9323886,77.6314845,54.16645,2438.5059,27.083225,1219.2529,27.083225,1219.2529,11.041613,487.8951,11.041613,487.8951
292,Jana Small Finance Bank,financial,12.9343675,77.630024,71.84213,2479.818,35.921066,1239.909,35.921066,1239.909,15.460534,497.45456,15.460534,497.45456
293,Duroflex,retail,12.9346521,77.6297029,69.47244,2315.8752,34.73622,1157.9376,34.73622,1157.9376,14.868112,456.46887,14.868112,456.46887
294,Sleepwell,retail,12.9353516,77.6289478,22.98888,2265.4656,11.49444,1132.7328,11.49444,1132.7328,3.2472203,444.23956,3.2472203,444.23956
295,Mercedes Benz,retail,12.9355461,77.62827,40.484093,2392.057,20.242046,1196.0284,20.242046,1196.0284,7.6210227,475.88742,7.6210227,475.88742
296,Sony Centre,retail,12.9366403,77.6277623,63.241035,2453.5723,31.620518,1226.7861,31.620518,1226.7861,13.310259,490.89297,13.310259,490.89297
297,imagine,retail,12.9363775,77.6274783,39.247086,2578.4365,19.623543,1289.2183,19.623543,1289.2183,7.3117714,522.1091,7.3117714,522.1091
298,Amona,retail,12.9363539,77.6274229,39.247086,2578.4365,19.623543,1289.2183,19.623543,1289.2183,7.3117714,522.1091,7.3117714,522.1091
299,Khana Junction,food_beverage,12.9440443,77.6207612,19.940594,2523.4175,9.970297,1261.7087,9.970297,1261.7087,2.4851484,508.35434,2.4851484,508.35434
300,Reliance Jewels,retail,12.9364323,77.6273237,57.203285,2601.6377,28.601643,1300.8188,28.601643,1300.8188,11.800821,527.9094,11.800821,527.9094
301,rentomojo.com,retail,12.9373048,77.626698,70.70887,2499.0828,35.354435,1249.5414,35.354435,1249.5414,15.1772175,502.2707,15.1772175,502.2707
302,Lavish Pharma,healthcare,12.9374519,77.6265817,45.65738,2495.0815,22.82869,1247.5408,22.82869,1247.5408,8.914345,501.2704,8.914345,501.2704
303,Satyam Office Suppliers,retail,12.9374048,77.6266273,45.65738,2495.0815,22.82869,1247.5408,22.82869,1247.5408,8.914345,501.2704,8.914345,501.2704
304,Mega IT Store,retail,12.9381932,77.6259997,61.410145,2485.5024,30.705072,1242.7512,30.705072,1242.7512,12.852536,498.87558,12.852536,498.87558
305,The Coorg Food Company,food_beverage,12.9408888,77.6242864,43.274906,2264.183,21.637453,1132.0916,21.637453,1132.0916,8.318727,448.79547,8.318727,448.79547
306,Satvik Aahar,retail,12.9418935,77.6231805,61.16279,2378.6367,30.581394,1189.3184,30.581394,1189.3184,12.790697,474.9089,12.790697,474.9089
307,Dell,retail,12.9425114,77.6225024,77.62908,2399.2212,38.81454,1199.6106,38.81454,1199.6106,16.90727,480.57202,16.90727,480.57202
308,Bajaj,retail,12.9431166,77.6218102,63.726368,2458.169,31.863184,1229.0845,31.863184,1229.0845,13.431592,492.0422,13.431592,492.0422
309,Sri Udupi Utsav,food_beverage,12.9438577,77.6209994,57.84832,2508.0059,28.92416,1254.0029,28.92416,1254.0029,11.96208,504.50146,11.96208,504.50146
310,Toni & Guy,retail,12.9452528,77.6198347,56.463356,2587.4082,28.231678,1293.7041,28.231678,1293.7041,11.615839,524.35205,11.615839,524.35205
311,JusBake,retail,12.9268376,77.6332674,29.6226,2225.2097,14.8113,1112.6049,14.8113,1112.6049,4.90565,438.65668,4.90565,438.65668
312,Sapphire Toys,retail,12.937206,77.6272579,78.489914,2525.088,39.244957,1262.544,39.244957,1262.544,17.122478,508.7719,17.122478,508.7719
313,Electronics Bazaar,retail,12.933798,77.6299607,55.87075,2345.0664,27.935375,1172.5332,27.935375,1172.5332,11.467688,463.7667,11.467688,463.7667
314,Helios,retail,12.935764,77.6285398,63.376804,2425.0095,31.688402,1212.5048,31.688402,1212.5048,13.344201,483.75238,13.344201,483.75238
315,Lighting Emporio,retail,12.936888,77.6270479,54.54069,2454.0833,27.270346,1227.0416,27.270346,1227.0416,11.135173,491.0208,11.135173,491.0208
316,GIVA,retail,12.9372703,77.6266577,70.70887,2499.0828,35.354435,1249.5414,35.354435,1249.5414,15.1772175,502.2707,15.1772175,502.2707
317,LG,retail,12.9266025,77.6332815,29.6226,2225.2097,14.8113,1112.6049,14.8113,1112.6049,4.90565,438.65668,4.90565,438.65668
318,Tatvika Cafe,food_beverage,12.9268066,77.6332725,29.6226,2225.2097,14.8113,1112.6049,14.8113,1112.6049,4.90565,438.65668,4.90565,438.65668
319,nan,retail,12.9320555,77.6318284,63.717155,2429.3105,31.858578,1214.6553,31.858578,1214.6553,13.429289,485.59637,13.429289,485.59637
320,The Organic World,retail,12.9338285,77.629995,77.26458,2416.9375,38.63229,1208.4688,38.63229,1208.4688,16.816145,481.73438,16.816145,481.73438
321,Kurl-On,retail,12.9345066,77.6293607,65.892006,2319.8096,32.946003,1159.9048,32.946003,1159.9048,13.9730015,457.8256,13.9730015,457.8256
322,Sri Ganesh Juice Junction,food_beverage,12.9402757,77.6248468,12.841971,2261.0059,6.4209857,1130.5029,6.4209857,1130.5029,0.71049273,447.75153,0.71049273,447.75153
323,Classic Men's Salon,retail,12.9466331,77.6186349,48.71723,2410.8313,24.358616,1205.4156,24.358616,1205.4156,9.679308,480.20782,9.679308,480.20782
324,Cut & Style Salon,retail,12.9295032,77.6326634,32.024002,2663.2214,16.012001,1331.6107,16.012001,1331.6107,5.506001,544.3934,5.506001,544.3934
325,MedPlus,healthcare,12.930344,77.6332226,29.842642,2434.4873,14.921321,1217.2437,14.921321,1217.2437,4.9606605,486.12183,4.9606605,486.12183
326,Chai Point,food_beverage,12.9307348,77.633114,31.790266,2560.6658,15.895133,1280.3329,15.895133,1280.3329,5.4475665,517.66644,5.4475665,517.66644
327,Gabru Di Chaap,food_beverage,12.9309544,77.6330697,57.15323,2347.7185,28.576614,1173.8593,28.576614,1173.8593,11.788307,466.33337,11.788307,466.33337
328,YLG Salon,retail,12.9311505,77.6325856,51.69054,2414.6743,25.84527,1207.3372,25.84527,1207.3372,10.422635,483.84094,10.422635,483.84094
329,ICICI Bank,financial,12.9314093,77.6325158,44.733845,2335.8928,22.366922,1167.9464,22.366922,1167.9464,8.683461,464.14554,8.683461,464.14554
330,SVC Cooperative Bank Ltd,financial,12.9308067,77.6327707,71.969696,2411.2703,35.984848,1205.6351,35.984848,1205.6351,15.492424,482.22128,15.492424,482.22128
331,Al Taza,food_beverage,12.9308262,77.6330783,57.15323,2347.7185,28.576614,1173.8593,28.576614,1173.8593,11.788307,466.33337,11.788307,466.33337
332,Lotus Unisex Spa,retail,12.930842,77.633114,51.29012,2511.2297,25.64506,1255.6149,25.64506,1255.6149,10.32253,505.3074,10.32253,505.3074
333,Gail Gas,transport,12.9252665,77.6341144,43.66641,2460.791,21.833204,1230.3955,21.833204,1230.3955,8.416602,498.9767,8.416602,498.9767
334,nan,retail,12.9361379,77.6277548,33.9544,2431.1135,16.9772,1215.5568,16.9772,1215.5568,5.9886,485.27835,5.9886,485.27835
335,GKB Opticals,retail,12.9368734,77.6275483,61.828842,2603.3542,30.914421,1301.6771,30.914421,1301.6771,12.957211,528.3385,12.957211,528.3385
336,Royal Tandoor,food_beverage,12.9367572,77.6276099,18.969755,2516.6067,9.484878,1258.3033,9.484878,1258.3033,2.2424388,506.6517,2.2424388,506.6517
337,iworld,retail,12.9369935,77.6273987,43.518635,2594.7012,21.759317,1297.3506,21.759317,1297.3506,8.379659,526.1753,8.379659,526.1753
338,Daily Bakehouse,retail,12.9313963,77.6234718,37.901863,2449.0322,18.950932,1224.5161,18.950932,1224.5161,6.9754663,492.2581,6.9754663,492.2581
339,Just Loaf,food_beverage,12.9313462,77.6234605,37.901863,2449.0322,18.950932,1224.5161,18.950932,1224.5161,6.9754663,492.2581,6.9754663,492.2581
340,Cafe Reset,food_beverage,12.9376205,77.6243795,48.103516,2359.4602,24.051758,1179.7301,24.051758,1179.7301,9.525879,470.04617,9.525879,470.04617
341,Hypons Hotel,other,12.925273,77.6345868,77.4897,2440.1538,38.74485,1220.0769,38.74485,1220.0769,16.872425,493.81738,16.872425,493.81738
342,Bunny Bar,food_beverage,12.9331176,77.6307088,76.67771,2574.45,38.338856,1287.225,38.338856,1287.225,16.669428,521.1125,16.669428,521.1125
343,Roastea,food_beverage,12.9357945,77.6280548,24.600029,2453.9573,12.3000145,1226.9786,12.3000145,1226.9786,3.650007,490.98932,3.650007,490.98932
344,Volkswagen City Store,retail,12.9293372,77.6218922,44.83983,2148.0962,22.419914,1074.0481,22.419914,1074.0481,8.709957,420.9529,8.709957,420.9529
345,Cafe Zubaan,food_beverage,12.9408051,77.6241773,43.274906,2264.183,21.637453,1132.0916,21.637453,1132.0916,8.318727,448.79547,8.318727,448.79547
346,The Fixx Bar,food_beverage,12.9322948,77.6316027,63.717155,2429.3105,31.858578,1214.6553,31.858578,1214.6553,13.429289,485.59637,13.429289,485.59637
347,Dialogues Cafe,food_beverage,12.9325502,77.6318589,57.207375,2337.8955,28.603687,1168.9478,28.603687,1168.9478,11.801844,462.74255,11.801844,462.74255
348,Helloo Dilli,food_beverage,12.931798,77.632117,59.055126,2441.2886,29.527563,1220.6443,29.527563,1220.6443,12.263782,488.59076,12.263782,488.59076
349,Zeiss Vision Center,retail,12.9315093,77.6324208,56.74964,2334.7268,28.37482,1167.3634,28.37482,1167.3634,11.68741,463.854,11.68741,463.854
350,Bandhan Bank,financial,12.9317143,77.6322196,84.1466,2383.7583,42.0733,1191.8792,42.0733,1191.8792,18.53665,474.2083,18.53665,474.2083
351,enrich,retail,12.9315158,77.6328365,46.859505,2364.6663,23.429752,1182.3331,23.429752,1182.3331,9.214876,471.339,9.214876,471.339
352,Thai Basil,food_beverage,12.9313995,77.6329049,68.204315,2365.508,34.102158,1182.754,34.102158,1182.754,14.551079,471.54932,14.551079,471.54932
353,Kotak Mahindra Bank,financial,12.9332839,77.6310669,49.94428,2483.7,24.97214,1241.85,24.97214,1241.85,9.98607,498.42502,9.98607,498.42502
354,Onesta,food_beverage,12.9333297,77.6310562,49.94428,2483.7,24.97214,1241.85,24.97214,1241.85,9.98607,498.42502,9.98607,498.42502
355,RBL Bank,financial,12.9331813,77.6311695,99.9483,2448.8987,49.97415,1224.4493,49.97415,1224.4493,22.487076,490.49335,22.487076,490.49335
356,nan,financial,12.9330896,77.6312388,99.9483,2448.8987,49.97415,1224.4493,49.97415,1224.4493,22.487076,490.49335,22.487076,490.49335
357,State Bank of India,financial,12.9330648,77.6312713,99.9483,2448.8987,49.97415,1224.4493,49.97415,1224.4493,22.487076,490.49335,22.487076,490.49335
358,Noodira Salon,retail,12.9323246,77.6320872,31.787098,2355.678,15.893549,1177.839,15.893549,1177.839,5.4467745,467.18814,5.4467745,467.18814
359,Clove Dental,healthcare,12.9322049,77.6321901,6.9253883,2448.8167,3.4626942,1224.4083,3.4626942,1224.4083,0.0,490.47278,0.0,490.47278
360,Bottle Store,retail,12.9321791,77.6321694,6.9253883,2448.8167,3.4626942,1224.4083,3.4626942,1224.4083,0.0,490.47278,0.0,490.47278
361,Cafe OTW On The Way,food_beverage,12.9295347,77.6308153,23.553051,2513.558,11.7765255,1256.779,11.7765255,1256.779,3.3882627,507.38116,3.3882627,507.38116
362,Cherish Fertinity Clinic,healthcare,12.9296138,77.6316244,5.6481786,2379.128,2.8240893,1189.564,2.8240893,1189.564,0.0,475.67734,0.0,475.67734
363,DriveX NIAX Motors,retail,12.9300397,77.6332545,32.05494,2466.91,16.02747,1233.455,16.02747,1233.455,5.513735,494.22748,5.513735,494.22748
364,Nanesh Unisex Salon,retail,12.9295327,77.6320146,40.896023,2583.3894,20.448011,1291.6947,20.448011,1291.6947,7.7240057,524.4353,7.7240057,524.4353
365,Ananya Comforts,other,12.9295732,77.631965,40.896023,2583.3894,20.448011,1291.6947,20.448011,1291.6947,7.7240057,524.4353,7.7240057,524.4353
366,Kaffe 399,food_beverage,12.9295262,77.6319228,40.896023,2583.3894,20.448011,1291.6947,20.448011,1291.6947,7.7240057,524.4353,7.7240057,524.4353
367,Pulito Wash,retail,12.9306501,77.6331509,31.790266,2560.6658,15.895133,1280.3329,15.895133,1280.3329,5.4475665,517.66644,5.4475665,517.66644
368,Belgian Waffle,food_beverage,12.9305861,77.6331696,31.790266,2560.6658,15.895133,1280.3329,15.895133,1280.3329,5.4475665,517.66644,5.4475665,517.66644
369,LokoMAD,retail,12.9308818,77.6327024,71.969696,2411.2703,35.984848,1205.6351,35.984848,1205.6351,15.492424,482.22128,15.492424,482.22128
370,The Peck,food_beverage,12.9408358,77.6202589,51.179684,2514.663,25.589842,1257.3315,25.589842,1257.3315,10.294921,506.29483,10.294921,506.29483
371,HDFC Bank,financial,12.9312568,77.623582,59.955765,2299.4824,29.977882,1149.7412,29.977882,1149.7412,12.488941,453.63455,12.488941,453.63455
372,Axis Bank,financial,12.9310666,77.6240212,41.354095,2354.5364,20.677048,1177.2682,20.677048,1177.2682,7.8385243,467.39807,7.8385243,467.39807
373,Brunch Project,food_beverage,12.9333097,77.6270074,51.511528,2131.823,25.755764,1065.9115,25.755764,1065.9115,10.377882,411.57358,10.377882,411.57358
374,Mitra Cafe,food_beverage,12.93678,77.6249117,79.93421,2462.5195,39.967106,1231.2598,39.967106,1231.2598,17.483553,493.31104,17.483553,493.31104
375,Wire up,retail,12.9340933,77.6297208,20.051067,2385.848,10.025534,1192.924,10.025534,1192.924,2.5127666,473.96198,2.5127666,473.96198
376,Yara Cafe,food_beverage,12.9421337,77.6219393,57.95854,2634.9238,28.97927,1317.4619,28.97927,1317.4619,11.989635,536.23096,11.989635,536.23096
377,Worksupp (WSC Technologies Pvt ltd),retail,12.9383091,77.6271996,61.826984,2398.3333,30.913492,1199.1666,30.913492,1199.1666,12.956746,477.5157,12.956746,477.5157
378,DBM & RJS School,education,12.9291476,77.6240789,13.229628,2255.7068,6.614814,1127.8534,6.614814,1127.8534,0.8074069,443.92667,0.8074069,443.92667
379,Jolly Johnny's Bar,food_beverage,12.9400829,77.6255134,43.181843,2246.295,21.590921,1123.1475,21.590921,1123.1475,8.295461,444.07373,8.295461,444.07373
380,Fast Coffee,food_beverage,12.9350501,77.6250594,54.804115,2453.3203,27.402058,1226.6602,27.402058,1226.6602,11.201029,493.33008,11.201029,493.33008
381,Dave & Buster's,food_beverage,12.9453987,77.6196691,56.463356,2587.4082,28.231678,1293.7041,28.231678,1293.7041,11.615839,524.35205,11.615839,524.35205
382,Beams Hospitals Private Limited,healthcare,12.9342277,77.6296323,33.6279,2443.7368,16.81395,1221.8684,16.81395,1221.8684,5.906975,488.43423,5.906975,488.43423
383,Helios The Watch Store.,retail,12.9358705,77.6284503,63.376804,2425.0095,31.688402,1212.5048,31.688402,1212.5048,13.344201,483.75238,13.344201,483.75238
384,Friendz Flavour Kitchen,food_beverage,12.9353545,77.6295503,16.306648,2383.033,8.153324,1191.5165,8.153324,1191.5165,1.5766621,473.25827,1.5766621,473.25827
385,The High Joint,food_beverage,12.9261467,77.6332737,64.46076,2393.773,32.23038,1196.8865,32.23038,1196.8865,13.61519,481.305,13.61519,481.305
386,Proteeth Dental,healthcare,12.9346221,77.6284665,8.507199,2239.888,4.2535996,1119.944,4.2535996,1119.944,0.0,437.84512,0.0,437.84512
387,Cafe de Verde,food_beverage,12.940859,77.6234175,64.2922,2270.4355,32.1461,1135.2178,32.1461,1135.2178,13.573049,450.99475,13.573049,450.99475
388,Krust Cafe,food_beverage,12.9283909,77.6361652,70.945526,2418.8591,35.472763,1209.4296,35.472763,1209.4296,15.2363825,485.68942,15.2363825,485.68942
389,Bao To Me,food_beverage,12.9288004,77.6353345,43.8208,2424.3962,21.9104,1212.1981,21.9104,1212.1981,8.4552,484.44846,8.4552,484.44846
390,Crave by Leena,retail,12.9340414,77.6302958,43.92748,2547.0244,21.96374,1273.5122,21.96374,1273.5122,8.48187,514.2561,8.48187,514.2561
391,Bethany High School,education,12.940644365222491,77.62094123472046,69.031,2649.713,34.5155,1324.8564,34.5155,1324.8564,14.757749,539.9282,14.757749,539.9282
392,Oasis Centre,retail,12.937496377714762,77.62813246898668,50.256573,2580.2222,25.128286,1290.1111,25.128286,1290.1111,10.064143,522.5555,10.064143,522.5555
393,Koramangala TTMC,transport,12.94089903320367,77.62502376839142,22.566526,2346.765,11.283263,1173.3824,11.283263,1173.3824,3.1416316,469.19113,3.1416316,469.19113
394,St. Francis College,education,12.926316260568475,77.62956979061617,29.648304,2517.4053,14.824152,1258.7026,14.824152,1258.7026,4.912076,506.8513,4.912076,506.8513
395,Vemana Institute of Technology,education,12.929611778405706,77.62258017542999,42.138195,2148.349,21.069098,1074.1746,21.069098,1074.1746,8.034549,418.5162,8.034549,418.5162
396,RJS Institute of Management Studies,education,12.929462090188391,77.62300452698997,32.98232,2183.934,16.49116,1091.967,16.49116,1091.967,5.7455797,428.48352,5.7455797,428.48352
397,Spencer,retail,12.927175149999998,77.6330217,45.709248,2326.885,22.854624,1163.4425,22.854624,1163.4425,8.927312,463.71375,8.927312,463.71375
398,nan,transport,12.9271608,77.6325899,35.150265,2416.9224,17.575132,1208.4612,17.575132,1208.4612,6.287566,486.22308,6.287566,486.22308
399,Reliance Digital,retail,12.936462309263872,77.6280704065918,28.596169,2547.0535,14.298084,1273.5267,14.298084,1273.5267,4.649042,514.26337,4.649042,514.26337
400,Chinmaya Mission School,education,12.935097072708984,77.6276590092524,48.96954,2466.0623,24.48477,1233.0311,24.48477,1233.0311,9.742385,494.3887,9.742385,494.3887
401,Syndicate Bank,financial,12.944142636735934,77.62342436657033,62.43144,2458.6194,31.21572,1229.3097,31.21572,1229.3097,13.10786,492.15482,13.10786,492.15482
402,Domino's,food_beverage,12.9403448,77.62528764999999,62.06495,2304.5964,31.032475,1152.2982,31.032475,1152.2982,13.016237,458.64908,13.016237,458.64908
403,Oyo Olivia Comforts,other,12.94038225744288,77.6269699785543,32.37863,2381.022,16.189316,1190.511,16.189316,1190.511,5.5946584,475.8991,5.5946584,475.8991
404,Nuts Corner,retail,12.930975102003606,77.63384218339677,51.44504,2376.6462,25.72252,1188.3231,25.72252,1188.3231,10.36126,471.79993,10.36126,471.79993
405,Udupi Upahar,food_beverage,12.925199099999995,77.63373415000001,72.71241,2479.5754,36.356205,1239.7877,36.356205,1239.7877,15.6781025,501.17282,15.6781025,501.17282
406,Philips Hue,retail,12.936850547557171,77.62700026614809,54.54069,2454.0833,27.270346,1227.0416,27.270346,1227.0416,11.135173,491.0208,11.135173,491.0208
407,nan,healthcare,12.934673133418345,77.62878155407806,48.160866,2264.3862,24.080433,1132.1931,24.080433,1132.1931,9.540216,443.96973,9.540216,443.96973
408,Proteeth Dental,healthcare,12.934625434983348,77.62846722158783,8.507199,2239.888,4.2535996,1119.944,4.2535996,1119.944,0.0,437.84512,0.0,437.84512
409,Panasonic Brand shop 100 feet,retail,12.935169964895575,77.62475843622559,58.690052,2332.8774,29.345026,1166.4387,29.345026,1166.4387,12.172513,464.48288,12.172513,464.48288
410,The Hole In The Wall Cafe,food_beverage,12.934761417513673,77.62548850250727,57.023308,2522.5366,28.511654,1261.2683,28.511654,1261.2683,11.755827,510.63412,11.755827,510.63412
411,nan,healthcare,12.941083100000002,77.62377695,27.046173,2144.2673,13.523087,1072.1337,13.523087,1072.1337,4.2615433,418.81656,4.2615433,418.81656
412,Kaveri Petrol,transport,12.945440935943457,77.61866558583151,40.22301,2611.4983,20.111506,1305.7491,20.111506,1305.7491,7.5557528,530.3746,7.5557528,530.3746
413,Wildcraft,retail,12.936949363902386,77.62692309140724,54.54069,2454.0833,27.270346,1227.0416,27.270346,1227.0416,11.135173,491.0208,11.135173,491.0208
414,Indian Oil,transport,12.939510381814364,77.62535382727224,24.897293,2238.4153,12.448647,1119.2076,12.448647,1119.2076,3.724323,442.10382,3.724323,442.10382
415,nan,transport,12.938334898768883,77.62653739806333,46.974014,2512.6655,23.487007,1256.3328,23.487007,1256.3328,9.243504,506.0988,9.243504,506.0988
416,Indian Oil,transport,12.945240603937952,77.61901230380609,52.817726,2710.0798,26.408863,1355.0399,26.408863,1355.0399,10.704432,555.01996,10.704432,555.01996
417,Shell,transport,12.925358758881883,77.6376478707665,66.09867,2748.389,33.049335,1374.1945,33.049335,1374.1945,14.024667,564.5972,14.024667,564.5972
418,St. Francis Composite PU College,education,12.927087863253961,77.63016745060263,40.319656,2625.7783,20.159828,1312.8892,20.159828,1312.8892,7.5799146,533.9446,7.5799146,533.9446
419,nan,education,12.92939746956072,77.62312343096407,32.98232,2183.934,16.49116,1091.967,16.49116,1091.967,5.7455797,428.48352,5.7455797,428.48352
420,DMart,retail,12.932151700000002,77.63462280000002,89.82741,2576.7795,44.913704,1288.3898,44.913704,1288.3898,19.956852,523.71326,19.956852,523.71326
421,St. Francis School,education,12.924927014692049,77.6292232963539,67.55095,2585.1946,33.775475,1292.5973,33.775475,1292.5973,14.387738,527.4603,14.387738,527.4603
422,nan,transport,12.925280600000002,77.63412160000001,43.66641,2460.791,21.833204,1230.3955,21.833204,1230.3955,8.416602,498.9767,8.416602,498.9767
423,RJS Polytechnic,education,12.929071145506079,77.62385434039373,13.229628,2255.7068,6.614814,1127.8534,6.614814,1127.8534,0.8074069,443.92667,0.8074069,443.92667
